date,day-stars,total-stars
18-09-2014,0,0
19-09-2014,0,0
20-09-2014,0,0
21-09-2014,0,0
22-09-2014,0,0
23-09-2014,0,0
24-09-2014,0,0
25-09-2014,0,0
26-09-2014,0,0
27-09-2014,0,0
28-09-2014,0,0
29-09-2014,1,1
30-09-2014,2,3
01-10-2014,4,7
02-10-2014,2,9
03-10-2014,3,12
04-10-2014,2,14
05-10-2014,0,14
06-10-2014,0,14
07-10-2014,4,18
08-10-2014,5,23
09-10-2014,1,24
10-10-2014,0,24
11-10-2014,0,24
12-10-2014,0,24
13-10-2014,2,26
14-10-2014,3,29
15-10-2014,0,29
16-10-2014,0,29
17-10-2014,1,30
18-10-2014,0,30
19-10-2014,0,30
20-10-2014,1,31
21-10-2014,1,32
22-10-2014,0,32
23-10-2014,4,36
24-10-2014,2,38
25-10-2014,2,40
26-10-2014,2,42
27-10-2014,16,58
28-10-2014,20,78
29-10-2014,15,93
30-10-2014,10,103
31-10-2014,16,119
01-11-2014,11,130
02-11-2014,10,140
03-11-2014,10,150
04-11-2014,12,162
05-11-2014,9,171
06-11-2014,9,180
07-11-2014,4,184
08-11-2014,1,185
09-11-2014,4,189
10-11-2014,1,190
11-11-2014,5,195
12-11-2014,11,206
13-11-2014,4,210
14-11-2014,6,216
15-11-2014,1,217
16-11-2014,7,224
17-11-2014,3,227
18-11-2014,5,232
19-11-2014,11,243
20-11-2014,1,244
21-11-2014,5,249
22-11-2014,5,254
23-11-2014,3,257
24-11-2014,8,265
25-11-2014,6,271
26-11-2014,6,277
27-11-2014,11,288
28-11-2014,8,296
29-11-2014,1,297
30-11-2014,1,298
01-12-2014,4,302
02-12-2014,1,303
03-12-2014,6,309
04-12-2014,7,316
05-12-2014,6,322
06-12-2014,6,328
07-12-2014,5,333
08-12-2014,7,340
09-12-2014,3,343
10-12-2014,15,358
11-12-2014,20,378
12-12-2014,26,404
13-12-2014,10,414
14-12-2014,6,420
15-12-2014,7,427
16-12-2014,2,429
17-12-2014,2,431
18-12-2014,4,435
19-12-2014,7,442
20-12-2014,4,446
21-12-2014,6,452
22-12-2014,3,455
23-12-2014,2,457
24-12-2014,1,458
25-12-2014,3,461
26-12-2014,2,463
27-12-2014,4,467
28-12-2014,3,470
29-12-2014,4,474
30-12-2014,7,481
31-12-2014,4,485
01-01-2015,3,488
02-01-2015,2,490
03-01-2015,3,493
04-01-2015,5,498
05-01-2015,6,504
06-01-2015,2,506
07-01-2015,10,516
08-01-2015,7,523
09-01-2015,4,527
10-01-2015,3,530
11-01-2015,7,537
12-01-2015,5,542
13-01-2015,9,551
14-01-2015,3,554
15-01-2015,3,557
16-01-2015,10,567
17-01-2015,4,571
18-01-2015,3,574
19-01-2015,5,579
20-01-2015,5,584
21-01-2015,4,588
22-01-2015,7,595
23-01-2015,6,601
24-01-2015,9,610
25-01-2015,4,614
26-01-2015,6,620
27-01-2015,9,629
28-01-2015,7,636
29-01-2015,5,641
30-01-2015,8,649
31-01-2015,3,652
01-02-2015,6,658
02-02-2015,11,669
03-02-2015,9,678
04-02-2015,4,682
05-02-2015,7,689
06-02-2015,28,717
07-02-2015,11,728
08-02-2015,8,736
09-02-2015,7,743
10-02-2015,15,758
11-02-2015,19,777
12-02-2015,13,790
13-02-2015,21,811
14-02-2015,18,829
15-02-2015,6,835
16-02-2015,12,847
17-02-2015,16,863
18-02-2015,14,877
19-02-2015,5,882
20-02-2015,11,893
21-02-2015,6,899
22-02-2015,5,904
23-02-2015,6,910
24-02-2015,5,915
25-02-2015,8,923
26-02-2015,19,942
27-02-2015,8,950
28-02-2015,6,956
01-03-2015,4,960
02-03-2015,6,966
03-03-2015,8,974
04-03-2015,9,983
05-03-2015,41,1024
06-03-2015,86,1110
07-03-2015,60,1170
08-03-2015,39,1209
09-03-2015,39,1248
10-03-2015,30,1278
11-03-2015,31,1309
12-03-2015,19,1328
13-03-2015,31,1359
14-03-2015,15,1374
15-03-2015,16,1390
16-03-2015,20,1410
17-03-2015,24,1434
18-03-2015,27,1461
19-03-2015,25,1486
20-03-2015,17,1503
21-03-2015,23,1526
22-03-2015,6,1532
23-03-2015,19,1551
24-03-2015,23,1574
25-03-2015,19,1593
26-03-2015,24,1617
27-03-2015,17,1634
28-03-2015,23,1657
29-03-2015,16,1673
30-03-2015,14,1687
31-03-2015,18,1705
01-04-2015,19,1724
02-04-2015,20,1744
03-04-2015,17,1761
04-04-2015,7,1768
05-04-2015,7,1775
06-04-2015,14,1789
07-04-2015,12,1801
08-04-2015,23,1824
09-04-2015,24,1848
10-04-2015,14,1862
11-04-2015,11,1873
12-04-2015,19,1892
13-04-2015,18,1910
14-04-2015,20,1930
15-04-2015,10,1940
16-04-2015,22,1962
17-04-2015,10,1972
18-04-2015,13,1985
19-04-2015,5,1990
20-04-2015,15,2005
21-04-2015,9,2014
22-04-2015,21,2035
23-04-2015,19,2054
24-04-2015,21,2075
25-04-2015,13,2088
26-04-2015,2,2090
27-04-2015,16,2106
28-04-2015,17,2123
29-04-2015,21,2144
30-04-2015,11,2155
01-05-2015,9,2164
02-05-2015,13,2177
03-05-2015,7,2184
04-05-2015,16,2200
05-05-2015,19,2219
06-05-2015,11,2230
07-05-2015,14,2244
08-05-2015,11,2255
09-05-2015,9,2264
10-05-2015,8,2272
11-05-2015,15,2287
12-05-2015,19,2306
13-05-2015,18,2324
14-05-2015,15,2339
15-05-2015,23,2362
16-05-2015,13,2375
17-05-2015,12,2387
18-05-2015,13,2400
19-05-2015,21,2421
20-05-2015,18,2439
21-05-2015,17,2456
22-05-2015,12,2468
23-05-2015,21,2489
24-05-2015,11,2500
25-05-2015,13,2513
26-05-2015,16,2529
27-05-2015,21,2550
28-05-2015,25,2575
29-05-2015,13,2588
30-05-2015,7,2595
31-05-2015,8,2603
01-06-2015,20,2623
02-06-2015,14,2637
03-06-2015,15,2652
04-06-2015,22,2674
05-06-2015,15,2689
06-06-2015,8,2697
07-06-2015,11,2708
08-06-2015,20,2728
09-06-2015,26,2754
10-06-2015,14,2768
11-06-2015,15,2783
12-06-2015,22,2805
13-06-2015,6,2811
14-06-2015,5,2816
15-06-2015,10,2826
16-06-2015,10,2836
17-06-2015,18,2854
18-06-2015,16,2870
19-06-2015,14,2884
20-06-2015,7,2891
21-06-2015,9,2900
22-06-2015,22,2922
23-06-2015,18,2940
24-06-2015,18,2958
25-06-2015,13,2971
26-06-2015,16,2987
27-06-2015,7,2994
28-06-2015,3,2997
29-06-2015,15,3012
30-06-2015,19,3031
01-07-2015,19,3050
02-07-2015,24,3074
03-07-2015,13,3087
04-07-2015,8,3095
05-07-2015,11,3106
06-07-2015,14,3120
07-07-2015,21,3141
08-07-2015,12,3153
09-07-2015,22,3175
10-07-2015,19,3194
11-07-2015,12,3206
12-07-2015,12,3218
13-07-2015,23,3241
14-07-2015,21,3262
15-07-2015,15,3277
16-07-2015,20,3297
17-07-2015,15,3312
18-07-2015,10,3322
19-07-2015,4,3326
20-07-2015,16,3342
21-07-2015,25,3367
22-07-2015,16,3383
23-07-2015,19,3402
24-07-2015,10,3412
25-07-2015,12,3424
26-07-2015,4,3428
27-07-2015,16,3444
28-07-2015,11,3455
29-07-2015,19,3474
30-07-2015,21,3495
31-07-2015,22,3517
01-08-2015,10,3527
02-08-2015,7,3534
03-08-2015,13,3547
04-08-2015,17,3564
05-08-2015,15,3579
06-08-2015,13,3592
07-08-2015,10,3602
08-08-2015,9,3611
09-08-2015,10,3621
10-08-2015,11,3632
11-08-2015,16,3648
12-08-2015,20,3668
13-08-2015,17,3685
14-08-2015,10,3695
15-08-2015,8,3703
16-08-2015,15,3718
17-08-2015,18,3736
18-08-2015,11,3747
19-08-2015,15,3762
20-08-2015,25,3787
21-08-2015,23,3810
22-08-2015,16,3826
23-08-2015,10,3836
24-08-2015,16,3852
25-08-2015,17,3869
26-08-2015,22,3891
27-08-2015,17,3908
28-08-2015,17,3925
29-08-2015,14,3939
30-08-2015,15,3954
31-08-2015,12,3966
01-09-2015,14,3980
02-09-2015,20,4000
03-09-2015,12,4012
04-09-2015,7,4019
05-09-2015,5,4024
06-09-2015,13,4037
07-09-2015,10,4047
08-09-2015,11,4058
09-09-2015,24,4082
10-09-2015,16,4098
11-09-2015,10,4108
12-09-2015,12,4120
13-09-2015,6,4126
14-09-2015,13,4139
15-09-2015,18,4157
16-09-2015,14,4171
17-09-2015,17,4188
18-09-2015,21,4209
19-09-2015,10,4219
20-09-2015,10,4229
21-09-2015,9,4238
22-09-2015,16,4254
23-09-2015,17,4271
24-09-2015,22,4293
25-09-2015,7,4300
26-09-2015,3,4303
27-09-2015,10,4313
28-09-2015,14,4327
29-09-2015,18,4345
30-09-2015,11,4356
01-10-2015,16,4372
02-10-2015,10,4382
03-10-2015,12,4394
04-10-2015,16,4410
05-10-2015,12,4422
06-10-2015,16,4438
07-10-2015,30,4468
08-10-2015,15,4483
09-10-2015,10,4493
10-10-2015,9,4502
11-10-2015,13,4515
12-10-2015,15,4530
13-10-2015,18,4548
14-10-2015,16,4564
15-10-2015,8,4572
16-10-2015,11,4583
17-10-2015,14,4597
18-10-2015,15,4612
19-10-2015,21,4633
20-10-2015,22,4655
21-10-2015,26,4681
22-10-2015,18,4699
23-10-2015,21,4720
24-10-2015,15,4735
25-10-2015,16,4751
26-10-2015,18,4769
27-10-2015,27,4796
28-10-2015,25,4821
29-10-2015,20,4841
30-10-2015,14,4855
31-10-2015,12,4867
01-11-2015,3,4870
02-11-2015,19,4889
03-11-2015,26,4915
04-11-2015,26,4941
05-11-2015,43,4984
06-11-2015,23,5007
07-11-2015,13,5020
08-11-2015,18,5038
09-11-2015,24,5062
10-11-2015,22,5084
11-11-2015,14,5098
12-11-2015,21,5119
13-11-2015,21,5140
14-11-2015,18,5158
15-11-2015,15,5173
16-11-2015,25,5198
17-11-2015,17,5215
18-11-2015,15,5230
19-11-2015,32,5262
20-11-2015,23,5285
21-11-2015,10,5295
22-11-2015,14,5309
23-11-2015,17,5326
24-11-2015,17,5343
25-11-2015,27,5370
26-11-2015,27,5397
27-11-2015,17,5414
28-11-2015,9,5423
29-11-2015,17,5440
30-11-2015,18,5458
01-12-2015,18,5476
02-12-2015,11,5487
03-12-2015,15,5502
04-12-2015,28,5530
05-12-2015,8,5538
06-12-2015,15,5553
07-12-2015,23,5576
08-12-2015,18,5594
09-12-2015,21,5615
10-12-2015,33,5648
11-12-2015,24,5672
12-12-2015,16,5688
13-12-2015,11,5699
14-12-2015,28,5727
15-12-2015,41,5768
16-12-2015,82,5850
17-12-2015,45,5895
18-12-2015,40,5935
19-12-2015,23,5958
20-12-2015,18,5976
21-12-2015,26,6002
22-12-2015,30,6032
23-12-2015,24,6056
24-12-2015,20,6076
25-12-2015,14,6090
26-12-2015,15,6105
27-12-2015,17,6122
28-12-2015,18,6140
29-12-2015,29,6169
30-12-2015,27,6196
31-12-2015,21,6217
01-01-2016,12,6229
02-01-2016,13,6242
03-01-2016,19,6261
04-01-2016,32,6293
05-01-2016,31,6324
06-01-2016,27,6351
07-01-2016,25,6376
08-01-2016,32,6408
09-01-2016,22,6430
10-01-2016,20,6450
11-01-2016,29,6479
12-01-2016,31,6510
13-01-2016,18,6528
14-01-2016,23,6551
15-01-2016,31,6582
16-01-2016,12,6594
17-01-2016,17,6611
18-01-2016,21,6632
19-01-2016,17,6649
20-01-2016,30,6679
21-01-2016,25,6704
22-01-2016,18,6722
23-01-2016,9,6731
24-01-2016,16,6747
25-01-2016,20,6767
26-01-2016,17,6784
27-01-2016,29,6813
28-01-2016,22,6835
29-01-2016,24,6859
30-01-2016,16,6875
31-01-2016,14,6889
01-02-2016,22,6911
02-02-2016,36,6947
03-02-2016,28,6975
04-02-2016,29,7004
05-02-2016,24,7028
06-02-2016,14,7042
07-02-2016,11,7053
08-02-2016,21,7074
09-02-2016,22,7096
10-02-2016,15,7111
11-02-2016,20,7131
12-02-2016,19,7150
13-02-2016,12,7162
14-02-2016,12,7174
15-02-2016,27,7201
16-02-2016,24,7225
17-02-2016,34,7259
18-02-2016,31,7290
19-02-2016,29,7319
20-02-2016,28,7347
21-02-2016,6,7353
22-02-2016,25,7378
23-02-2016,27,7405
24-02-2016,22,7427
25-02-2016,26,7453
26-02-2016,19,7472
27-02-2016,18,7490
28-02-2016,11,7501
29-02-2016,23,7524
01-03-2016,27,7551
02-03-2016,31,7582
03-03-2016,20,7602
04-03-2016,22,7624
05-03-2016,9,7633
06-03-2016,15,7648
07-03-2016,22,7670
08-03-2016,26,7696
09-03-2016,26,7722
10-03-2016,30,7752
11-03-2016,31,7783
12-03-2016,18,7801
13-03-2016,18,7819
14-03-2016,34,7853
15-03-2016,27,7880
16-03-2016,27,7907
17-03-2016,25,7932
18-03-2016,32,7964
19-03-2016,23,7987
20-03-2016,20,8007
21-03-2016,27,8034
22-03-2016,41,8075
23-03-2016,38,8113
24-03-2016,34,8147
25-03-2016,32,8179
26-03-2016,17,8196
27-03-2016,12,8208
28-03-2016,23,8231
29-03-2016,24,8255
30-03-2016,19,8274
31-03-2016,34,8308
01-04-2016,28,8336
02-04-2016,11,8347
03-04-2016,18,8365
04-04-2016,20,8385
05-04-2016,31,8416
06-04-2016,23,8439
07-04-2016,31,8470
08-04-2016,34,8504
09-04-2016,12,8516
10-04-2016,19,8535
11-04-2016,31,8566
12-04-2016,34,8600
13-04-2016,35,8635
14-04-2016,35,8670
15-04-2016,27,8697
16-04-2016,13,8710
17-04-2016,14,8724
18-04-2016,18,8742
19-04-2016,28,8770
20-04-2016,26,8796
21-04-2016,34,8830
22-04-2016,13,8843
23-04-2016,15,8858
24-04-2016,12,8870
25-04-2016,17,8887
26-04-2016,26,8913
27-04-2016,37,8950
28-04-2016,24,8974
29-04-2016,30,9004
30-04-2016,12,9016
01-05-2016,10,9026
02-05-2016,34,9060
03-05-2016,150,9210
04-05-2016,84,9294
05-05-2016,38,9332
06-05-2016,52,9384
07-05-2016,22,9406
08-05-2016,22,9428
09-05-2016,43,9471
10-05-2016,36,9507
11-05-2016,41,9548
12-05-2016,30,9578
13-05-2016,37,9615
14-05-2016,21,9636
15-05-2016,14,9650
16-05-2016,27,9677
17-05-2016,20,9697
18-05-2016,35,9732
19-05-2016,27,9759
20-05-2016,47,9806
21-05-2016,16,9822
22-05-2016,23,9845
23-05-2016,25,9870
24-05-2016,26,9896
25-05-2016,21,9917
26-05-2016,30,9947
27-05-2016,29,9976
28-05-2016,18,9994
29-05-2016,18,10012
30-05-2016,24,10036
31-05-2016,33,10069
01-06-2016,32,10101
02-06-2016,43,10144
03-06-2016,38,10182
04-06-2016,21,10203
05-06-2016,17,10220
06-06-2016,31,10251
07-06-2016,26,10277
08-06-2016,26,10303
09-06-2016,21,10324
10-06-2016,21,10345
11-06-2016,16,10361
12-06-2016,20,10381
13-06-2016,31,10412
14-06-2016,30,10442
15-06-2016,36,10478
16-06-2016,28,10506
17-06-2016,25,10531
18-06-2016,12,10543
19-06-2016,15,10558
20-06-2016,39,10597
21-06-2016,26,10623
22-06-2016,41,10664
23-06-2016,31,10695
24-06-2016,27,10722
25-06-2016,21,10743
26-06-2016,17,10760
27-06-2016,39,10799
28-06-2016,35,10834
29-06-2016,31,10865
30-06-2016,35,10900
01-07-2016,41,10941
02-07-2016,15,10956
03-07-2016,16,10972
04-07-2016,42,11014
05-07-2016,43,11057
06-07-2016,44,11101
07-07-2016,30,11131
08-07-2016,42,11173
09-07-2016,13,11186
10-07-2016,17,11203
11-07-2016,26,11229
12-07-2016,25,11254
13-07-2016,48,11302
14-07-2016,32,11334
15-07-2016,34,11368
16-07-2016,12,11380
17-07-2016,14,11394
18-07-2016,29,11423
19-07-2016,42,11465
20-07-2016,32,11497
21-07-2016,31,11528
22-07-2016,19,11547
23-07-2016,24,11571
24-07-2016,12,11583
25-07-2016,28,11611
26-07-2016,34,11645
27-07-2016,28,11673
28-07-2016,34,11707
29-07-2016,33,11740
30-07-2016,14,11754
31-07-2016,19,11773
01-08-2016,22,11795
02-08-2016,30,11825
03-08-2016,28,11853
04-08-2016,28,11881
05-08-2016,22,11903
06-08-2016,12,11915
07-08-2016,17,11932
08-08-2016,18,11950
09-08-2016,41,11991
10-08-2016,40,12031
11-08-2016,35,12066
12-08-2016,38,12104
13-08-2016,20,12124
14-08-2016,18,12142
15-08-2016,28,12170
16-08-2016,33,12203
17-08-2016,33,12236
18-08-2016,33,12269
19-08-2016,20,12289
20-08-2016,10,12299
21-08-2016,13,12312
22-08-2016,28,12340
23-08-2016,28,12368
24-08-2016,39,12407
25-08-2016,34,12441
26-08-2016,31,12472
27-08-2016,17,12489
28-08-2016,14,12503
29-08-2016,28,12531
30-08-2016,27,12558
31-08-2016,29,12587
01-09-2016,50,12637
02-09-2016,41,12678
03-09-2016,22,12700
04-09-2016,15,12715
05-09-2016,24,12739
06-09-2016,43,12782
07-09-2016,43,12825
08-09-2016,36,12861
09-09-2016,24,12885
10-09-2016,15,12900
11-09-2016,18,12918
12-09-2016,31,12949
13-09-2016,55,13004
14-09-2016,49,13053
15-09-2016,161,13214
16-09-2016,114,13328
17-09-2016,38,13366
18-09-2016,47,13413
19-09-2016,50,13463
20-09-2016,56,13519
21-09-2016,44,13563
22-09-2016,44,13607
23-09-2016,38,13645
24-09-2016,27,13672
25-09-2016,21,13693
26-09-2016,25,13718
27-09-2016,32,13750
28-09-2016,50,13800
29-09-2016,50,13850
30-09-2016,34,13884
01-10-2016,16,13900
02-10-2016,12,13912
03-10-2016,20,13932
04-10-2016,32,13964
05-10-2016,24,13988
06-10-2016,33,14021
07-10-2016,23,14044
08-10-2016,19,14063
09-10-2016,25,14088
10-10-2016,20,14108
11-10-2016,19,14127
12-10-2016,32,14159
13-10-2016,40,14199
14-10-2016,34,14233
15-10-2016,15,14248
16-10-2016,26,14274
17-10-2016,26,14300
18-10-2016,34,14334
19-10-2016,39,14373
20-10-2016,31,14404
21-10-2016,25,14429
22-10-2016,18,14447
23-10-2016,13,14460
24-10-2016,24,14484
25-10-2016,27,14511
26-10-2016,23,14534
27-10-2016,30,14564
28-10-2016,28,14592
29-10-2016,20,14612
30-10-2016,17,14629
31-10-2016,24,14653
01-11-2016,26,14679
02-11-2016,26,14705
03-11-2016,21,14726
04-11-2016,31,14757
05-11-2016,20,14777
06-11-2016,12,14789
07-11-2016,33,14822
08-11-2016,26,14848
09-11-2016,24,14872
10-11-2016,20,14892
11-11-2016,21,14913
12-11-2016,9,14922
13-11-2016,13,14935
14-11-2016,21,14956
15-11-2016,35,14991
16-11-2016,16,15007
17-11-2016,33,15040
18-11-2016,23,15063
19-11-2016,18,15081
20-11-2016,10,15091
21-11-2016,21,15112
22-11-2016,23,15135
23-11-2016,15,15150
24-11-2016,21,15171
25-11-2016,18,15189
26-11-2016,19,15208
27-11-2016,15,15223
28-11-2016,24,15247
29-11-2016,31,15278
30-11-2016,19,15297
01-12-2016,24,15321
02-12-2016,19,15340
03-12-2016,15,15355
04-12-2016,20,15375
05-12-2016,27,15402
06-12-2016,18,15420
07-12-2016,28,15448
08-12-2016,34,15482
09-12-2016,32,15514
10-12-2016,13,15527
11-12-2016,16,15543
12-12-2016,33,15576
13-12-2016,29,15605
14-12-2016,38,15643
15-12-2016,44,15687
16-12-2016,33,15720
17-12-2016,12,15732
18-12-2016,16,15748
19-12-2016,32,15780
20-12-2016,58,15838
21-12-2016,31,15869
22-12-2016,25,15894
23-12-2016,17,15911
24-12-2016,20,15931
25-12-2016,11,15942
26-12-2016,22,15964
27-12-2016,29,15993
28-12-2016,30,16023
29-12-2016,28,16051
30-12-2016,14,16065
31-12-2016,16,16081
01-01-2017,14,16095
02-01-2017,18,16113
03-01-2017,21,16134
04-01-2017,28,16162
05-01-2017,24,16186
06-01-2017,34,16220
07-01-2017,20,16240
08-01-2017,13,16253
09-01-2017,27,16280
10-01-2017,19,16299
11-01-2017,27,16326
12-01-2017,30,16356
13-01-2017,33,16389
14-01-2017,11,16400
15-01-2017,15,16415
16-01-2017,22,16437
17-01-2017,37,16474
18-01-2017,29,16503
19-01-2017,32,16535
20-01-2017,26,16561
21-01-2017,18,16579
22-01-2017,20,16599
23-01-2017,24,16623
24-01-2017,36,16659
25-01-2017,29,16688
26-01-2017,20,16708
27-01-2017,22,16730
28-01-2017,20,16750
29-01-2017,18,16768
30-01-2017,19,16787
31-01-2017,30,16817
01-02-2017,22,16839
02-02-2017,34,16873
03-02-2017,26,16899
04-02-2017,24,16923
05-02-2017,18,16941
06-02-2017,27,16968
07-02-2017,27,16995
08-02-2017,27,17022
09-02-2017,45,17067
10-02-2017,34,17101
11-02-2017,22,17123
12-02-2017,16,17139
13-02-2017,44,17183
14-02-2017,31,17214
15-02-2017,30,17244
16-02-2017,32,17276
17-02-2017,37,17313
18-02-2017,16,17329
19-02-2017,21,17350
20-02-2017,42,17392
21-02-2017,35,17427
22-02-2017,24,17451
23-02-2017,43,17494
24-02-2017,31,17525
25-02-2017,24,17549
26-02-2017,27,17576
27-02-2017,34,17610
28-02-2017,42,17652
01-03-2017,44,17696
02-03-2017,39,17735
03-03-2017,35,17770
04-03-2017,17,17787
05-03-2017,32,17819
06-03-2017,42,17861
07-03-2017,36,17897
08-03-2017,41,17938
09-03-2017,29,17967
10-03-2017,47,18014
11-03-2017,16,18030
12-03-2017,19,18049
13-03-2017,34,18083
14-03-2017,49,18132
15-03-2017,34,18166
16-03-2017,35,18201
17-03-2017,40,18241
18-03-2017,27,18268
19-03-2017,21,18289
20-03-2017,36,18325
21-03-2017,40,18365
22-03-2017,43,18408
23-03-2017,52,18460
24-03-2017,159,18619
25-03-2017,54,18673
26-03-2017,25,18698
27-03-2017,45,18743
28-03-2017,34,18777
29-03-2017,52,18829
30-03-2017,44,18873
31-03-2017,49,18922
01-04-2017,30,18952
02-04-2017,22,18974
03-04-2017,39,19013
04-04-2017,27,19040
05-04-2017,43,19083
06-04-2017,41,19124
07-04-2017,38,19162
08-04-2017,24,19186
09-04-2017,17,19203
10-04-2017,33,19236
11-04-2017,35,19271
12-04-2017,42,19313
13-04-2017,35,19348
14-04-2017,28,19376
15-04-2017,18,19394
16-04-2017,20,19414
17-04-2017,25,19439
18-04-2017,39,19478
19-04-2017,44,19522
20-04-2017,27,19549
21-04-2017,39,19588
22-04-2017,19,19607
23-04-2017,13,19620
24-04-2017,42,19662
25-04-2017,38,19700
26-04-2017,42,19742
27-04-2017,36,19778
28-04-2017,27,19805
29-04-2017,24,19829
30-04-2017,11,19840
01-05-2017,18,19858
02-05-2017,38,19896
03-05-2017,39,19935
04-05-2017,26,19961
05-05-2017,30,19991
06-05-2017,27,20018
07-05-2017,14,20032
08-05-2017,24,20056
09-05-2017,28,20084
10-05-2017,26,20110
11-05-2017,25,20135
12-05-2017,15,20150
13-05-2017,19,20169
14-05-2017,21,20190
15-05-2017,28,20218
16-05-2017,45,20263
17-05-2017,30,20293
18-05-2017,39,20332
19-05-2017,37,20369
20-05-2017,23,20392
21-05-2017,18,20410
22-05-2017,29,20439
23-05-2017,37,20476
24-05-2017,25,20501
25-05-2017,41,20542
26-05-2017,27,20569
27-05-2017,19,20588
28-05-2017,8,20596
29-05-2017,17,20613
30-05-2017,27,20640
31-05-2017,27,20667
01-06-2017,33,20700
02-06-2017,28,20728
03-06-2017,11,20739
04-06-2017,18,20757
05-06-2017,28,20785
06-06-2017,20,20805
07-06-2017,32,20837
08-06-2017,28,20865
09-06-2017,27,20892
10-06-2017,25,20917
11-06-2017,20,20937
12-06-2017,23,20960
13-06-2017,42,21002
14-06-2017,35,21037
15-06-2017,18,21055
16-06-2017,28,21083
17-06-2017,27,21110
18-06-2017,14,21124
19-06-2017,30,21154
20-06-2017,39,21193
21-06-2017,30,21223
22-06-2017,35,21258
23-06-2017,44,21302
24-06-2017,21,21323
25-06-2017,14,21337
26-06-2017,27,21364
27-06-2017,29,21393
28-06-2017,33,21426
29-06-2017,32,21458
30-06-2017,30,21488
01-07-2017,14,21502
02-07-2017,17,21519
03-07-2017,34,21553
04-07-2017,24,21577
05-07-2017,31,21608
06-07-2017,33,21641
07-07-2017,35,21676
08-07-2017,18,21694
09-07-2017,16,21710
10-07-2017,25,21735
11-07-2017,34,21769
12-07-2017,43,21812
13-07-2017,45,21857
14-07-2017,39,21896
15-07-2017,16,21912
16-07-2017,11,21923
17-07-2017,34,21957
18-07-2017,33,21990
19-07-2017,36,22026
20-07-2017,32,22058
21-07-2017,28,22086
22-07-2017,31,22117
23-07-2017,13,22130
24-07-2017,26,22156
25-07-2017,42,22198
26-07-2017,38,22236
27-07-2017,43,22279
28-07-2017,42,22321
29-07-2017,25,22346
30-07-2017,19,22365
31-07-2017,32,22397
01-08-2017,33,22430
02-08-2017,33,22463
03-08-2017,54,22517
04-08-2017,46,22563
05-08-2017,18,22581
06-08-2017,21,22602
07-08-2017,55,22657
08-08-2017,25,22682
09-08-2017,29,22711
10-08-2017,35,22746
11-08-2017,30,22776
12-08-2017,13,22789
13-08-2017,16,22805
14-08-2017,27,22832
15-08-2017,37,22869
16-08-2017,29,22898
17-08-2017,28,22926
18-08-2017,26,22952
19-08-2017,16,22968
20-08-2017,17,22985
21-08-2017,23,23008
22-08-2017,24,23032
23-08-2017,28,23060
24-08-2017,33,23093
25-08-2017,31,23124
26-08-2017,6,23130
27-08-2017,19,23149
28-08-2017,27,23176
29-08-2017,27,23203
30-08-2017,32,23235
31-08-2017,20,23255
01-09-2017,32,23287
02-09-2017,16,23303
03-09-2017,15,23318
04-09-2017,25,23343
05-09-2017,30,23373
06-09-2017,38,23411
07-09-2017,20,23431
08-09-2017,36,23467
09-09-2017,19,23486
10-09-2017,23,23509
11-09-2017,38,23547
12-09-2017,31,23578
13-09-2017,30,23608
14-09-2017,38,23646
15-09-2017,23,23669
16-09-2017,25,23694
17-09-2017,26,23720
18-09-2017,46,23766
19-09-2017,38,23804
20-09-2017,50,23854
21-09-2017,46,23900
22-09-2017,34,23934
23-09-2017,15,23949
24-09-2017,13,23962
25-09-2017,24,23986
26-09-2017,37,24023
27-09-2017,36,24059
28-09-2017,29,24088
29-09-2017,24,24112
30-09-2017,14,24126
01-10-2017,13,24139
02-10-2017,13,24152
03-10-2017,30,24182
04-10-2017,29,24211
05-10-2017,27,24238
06-10-2017,23,24261
07-10-2017,22,24283
08-10-2017,16,24299
09-10-2017,36,24335
10-10-2017,26,24361
11-10-2017,34,24395
12-10-2017,45,24440
13-10-2017,57,24497
14-10-2017,20,24517
15-10-2017,30,24547
16-10-2017,45,24592
17-10-2017,45,24637
18-10-2017,29,24666
19-10-2017,52,24718
20-10-2017,39,24757
21-10-2017,10,24767
22-10-2017,16,24783
23-10-2017,43,24826
24-10-2017,43,24869
25-10-2017,50,24919
26-10-2017,31,24950
27-10-2017,41,24991
28-10-2017,30,25021
29-10-2017,28,25049
30-10-2017,47,25096
31-10-2017,44,25140
01-11-2017,60,25200
02-11-2017,81,25281
03-11-2017,54,25335
04-11-2017,25,25360
05-11-2017,24,25384
06-11-2017,45,25429
07-11-2017,31,25460
08-11-2017,57,25517
09-11-2017,43,25560
10-11-2017,41,25601
11-11-2017,22,25623
12-11-2017,29,25652
13-11-2017,37,25689
14-11-2017,55,25744
15-11-2017,40,25784
16-11-2017,34,25818
17-11-2017,42,25860
18-11-2017,21,25881
19-11-2017,17,25898
20-11-2017,34,25932
21-11-2017,36,25968
22-11-2017,31,25999
23-11-2017,32,26031
24-11-2017,33,26064
25-11-2017,21,26085
26-11-2017,15,26100
27-11-2017,30,26130
28-11-2017,42,26172
29-11-2017,43,26215
30-11-2017,33,26248
01-12-2017,39,26287
02-12-2017,14,26301
03-12-2017,19,26320
04-12-2017,33,26353
05-12-2017,45,26398
06-12-2017,42,26440
07-12-2017,33,26473
08-12-2017,26,26499
09-12-2017,9,26508
10-12-2017,16,26524
11-12-2017,45,26569
12-12-2017,35,26604
13-12-2017,41,26645
14-12-2017,37,26682
15-12-2017,27,26709
16-12-2017,15,26724
17-12-2017,22,26746
18-12-2017,24,26770
19-12-2017,37,26807
20-12-2017,40,26847
21-12-2017,32,26879
22-12-2017,29,26908
23-12-2017,13,26921
24-12-2017,11,26932
25-12-2017,20,26952
26-12-2017,22,26974
27-12-2017,35,27009
28-12-2017,41,27050
29-12-2017,25,27075
30-12-2017,15,27090
31-12-2017,9,27099
01-01-2018,18,27117
02-01-2018,26,27143
03-01-2018,39,27182
04-01-2018,36,27218
05-01-2018,34,27252
06-01-2018,21,27273
07-01-2018,24,27297
08-01-2018,29,27326
09-01-2018,28,27354
10-01-2018,38,27392
11-01-2018,47,27439
12-01-2018,36,27475
13-01-2018,26,27501
14-01-2018,21,27522
15-01-2018,36,27558
16-01-2018,53,27611
17-01-2018,35,27646
18-01-2018,42,27688
19-01-2018,31,27719
20-01-2018,30,27749
21-01-2018,28,27777
22-01-2018,35,27812
23-01-2018,40,27852
24-01-2018,27,27879
25-01-2018,45,27924
26-01-2018,39,27963
27-01-2018,22,27985
28-01-2018,10,27995
29-01-2018,47,28042
30-01-2018,34,28076
31-01-2018,34,28110
01-02-2018,39,28149
02-02-2018,33,28182
03-02-2018,22,28204
04-02-2018,15,28219
05-02-2018,26,28245
06-02-2018,30,28275
07-02-2018,42,28317
08-02-2018,57,28374
09-02-2018,33,28407
10-02-2018,27,28434
11-02-2018,25,28459
12-02-2018,25,28484
13-02-2018,28,28512
14-02-2018,26,28538
15-02-2018,34,28572
16-02-2018,39,28611
17-02-2018,24,28635
18-02-2018,22,28657
19-02-2018,23,28680
20-02-2018,32,28712
21-02-2018,22,28734
22-02-2018,34,28768
23-02-2018,42,28810
24-02-2018,25,28835
25-02-2018,20,28855
26-02-2018,44,28899
27-02-2018,43,28942
28-02-2018,33,28975
01-03-2018,37,29012
02-03-2018,38,29050
03-03-2018,22,29072
04-03-2018,24,29096
05-03-2018,25,29121
06-03-2018,45,29166
07-03-2018,30,29196
08-03-2018,37,29233
09-03-2018,41,29274
10-03-2018,22,29296
11-03-2018,26,29322
12-03-2018,37,29359
13-03-2018,46,29405
14-03-2018,38,29443
15-03-2018,34,29477
16-03-2018,36,29513
17-03-2018,23,29536
18-03-2018,19,29555
19-03-2018,32,29587
20-03-2018,31,29618
21-03-2018,42,29660
22-03-2018,35,29695
23-03-2018,41,29736
24-03-2018,13,29749
25-03-2018,17,29766
26-03-2018,40,29806
27-03-2018,40,29846
28-03-2018,30,29876
29-03-2018,31,29907
30-03-2018,34,29941
31-03-2018,14,29955
01-04-2018,20,29975
02-04-2018,27,30002
03-04-2018,30,30032
04-04-2018,39,30071
05-04-2018,36,30107
06-04-2018,36,30143
07-04-2018,15,30158
08-04-2018,32,30190
09-04-2018,41,30231
10-04-2018,38,30269
11-04-2018,38,30307
12-04-2018,50,30357
13-04-2018,29,30386
14-04-2018,21,30407
15-04-2018,28,30435
16-04-2018,42,30477
17-04-2018,48,30525
18-04-2018,36,30561
19-04-2018,46,30607
20-04-2018,40,30647
21-04-2018,18,30665
22-04-2018,17,30682
23-04-2018,32,30714
24-04-2018,47,30761
25-04-2018,37,30798
26-04-2018,52,30850
27-04-2018,44,30894
28-04-2018,21,30915
29-04-2018,29,30944
30-04-2018,40,30984
01-05-2018,35,31019
02-05-2018,31,31050
03-05-2018,48,31098
04-05-2018,72,31170
05-05-2018,23,31193
06-05-2018,22,31215
07-05-2018,35,31250
08-05-2018,42,31292
09-05-2018,38,31330
10-05-2018,28,31358
11-05-2018,45,31403
12-05-2018,26,31429
13-05-2018,21,31450
14-05-2018,34,31484
15-05-2018,48,31532
16-05-2018,32,31564
17-05-2018,46,31610
18-05-2018,34,31644
19-05-2018,23,31667
20-05-2018,17,31684
21-05-2018,29,31713
22-05-2018,40,31753
23-05-2018,25,31778
24-05-2018,37,31815
25-05-2018,38,31853
26-05-2018,16,31869
27-05-2018,21,31890
28-05-2018,21,31911
29-05-2018,26,31937
30-05-2018,32,31969
31-05-2018,36,32005
01-06-2018,29,32034
02-06-2018,18,32052
03-06-2018,18,32070
04-06-2018,36,32106
05-06-2018,33,32139
06-06-2018,38,32177
07-06-2018,42,32219
08-06-2018,31,32250
09-06-2018,10,32260
10-06-2018,13,32273
11-06-2018,30,32303
12-06-2018,76,32379
13-06-2018,47,32426
14-06-2018,32,32458
15-06-2018,96,32554
16-06-2018,31,32585
17-06-2018,10,32595
18-06-2018,35,32630
19-06-2018,45,32675
20-06-2018,45,32720
21-06-2018,44,32764
22-06-2018,44,32808
23-06-2018,18,32826
24-06-2018,21,32847
25-06-2018,40,32887
26-06-2018,45,32932
27-06-2018,42,32974
28-06-2018,43,33017
29-06-2018,31,33048
30-06-2018,23,33071
01-07-2018,25,33096
02-07-2018,29,33125
03-07-2018,42,33167
04-07-2018,47,33214
05-07-2018,52,33266
06-07-2018,41,33307
07-07-2018,21,33328
08-07-2018,20,33348
09-07-2018,29,33377
10-07-2018,39,33416
11-07-2018,40,33456
12-07-2018,40,33496
13-07-2018,41,33537
14-07-2018,18,33555
15-07-2018,12,33567
16-07-2018,36,33603
17-07-2018,41,33644
18-07-2018,52,33696
19-07-2018,69,33765
20-07-2018,41,33806
21-07-2018,29,33835
22-07-2018,19,33854
23-07-2018,26,33880
24-07-2018,33,33913
25-07-2018,53,33966
26-07-2018,48,34014
27-07-2018,55,34069
28-07-2018,18,34087
29-07-2018,21,34108
30-07-2018,40,34148
31-07-2018,27,34175
01-08-2018,48,34223
02-08-2018,43,34266
03-08-2018,32,34298
04-08-2018,19,34317
05-08-2018,22,34339
06-08-2018,33,34372
07-08-2018,34,34406
08-08-2018,31,34437
09-08-2018,41,34478
10-08-2018,28,34506
11-08-2018,25,34531
12-08-2018,15,34546
13-08-2018,35,34581
14-08-2018,37,34618
15-08-2018,32,34650
16-08-2018,32,34682
17-08-2018,21,34703
18-08-2018,14,34717
19-08-2018,17,34734
20-08-2018,30,34764
21-08-2018,38,34802
22-08-2018,43,34845
23-08-2018,38,34883
24-08-2018,51,34934
25-08-2018,24,34958
26-08-2018,19,34977
27-08-2018,39,35016
28-08-2018,43,35059
29-08-2018,35,35094
30-08-2018,39,35133
31-08-2018,28,35161
01-09-2018,25,35186
02-09-2018,27,35213
03-09-2018,32,35245
04-09-2018,48,35293
05-09-2018,45,35338
06-09-2018,39,35377
07-09-2018,37,35414
08-09-2018,20,35434
09-09-2018,19,35453
10-09-2018,37,35490
11-09-2018,36,35526
12-09-2018,28,35554
13-09-2018,35,35589
14-09-2018,36,35625
15-09-2018,36,35661
16-09-2018,16,35677
17-09-2018,25,35702
18-09-2018,42,35744
19-09-2018,36,35780
20-09-2018,38,35818
21-09-2018,41,35859
22-09-2018,15,35874
23-09-2018,19,35893
24-09-2018,30,35923
25-09-2018,22,35945
26-09-2018,35,35980
27-09-2018,38,36018
28-09-2018,37,36055
29-09-2018,19,36074
30-09-2018,22,36096
01-10-2018,26,36122
02-10-2018,26,36148
03-10-2018,26,36174
04-10-2018,32,36206
05-10-2018,35,36241
06-10-2018,13,36254
07-10-2018,26,36280
08-10-2018,31,36311
09-10-2018,28,36339
10-10-2018,32,36371
11-10-2018,33,36404
12-10-2018,26,36430
13-10-2018,19,36449
14-10-2018,17,36466
15-10-2018,28,36494
16-10-2018,32,36526
17-10-2018,35,36561
18-10-2018,45,36606
19-10-2018,72,36678
20-10-2018,24,36702
21-10-2018,33,36735
22-10-2018,47,36782
23-10-2018,49,36831
24-10-2018,36,36867
25-10-2018,46,36913
26-10-2018,42,36955
27-10-2018,24,36979
28-10-2018,18,36997
29-10-2018,33,37030
30-10-2018,35,37065
31-10-2018,27,37092
01-11-2018,35,37127
02-11-2018,37,37164
03-11-2018,14,37178
04-11-2018,17,37195
05-11-2018,40,37235
06-11-2018,40,37275
07-11-2018,35,37310
08-11-2018,28,37338
09-11-2018,26,37364
10-11-2018,10,37374
11-11-2018,22,37396
12-11-2018,29,37425
13-11-2018,30,37455
14-11-2018,39,37494
15-11-2018,33,37527
16-11-2018,32,37559
17-11-2018,20,37579
18-11-2018,14,37593
19-11-2018,27,37620
20-11-2018,29,37649
21-11-2018,35,37684
22-11-2018,35,37719
23-11-2018,27,37746
24-11-2018,16,37762
25-11-2018,25,37787
26-11-2018,33,37820
27-11-2018,42,37862
28-11-2018,52,37914
29-11-2018,30,37944
30-11-2018,44,37988
01-12-2018,16,38004
02-12-2018,11,38015
03-12-2018,27,38042
04-12-2018,28,38070
05-12-2018,27,38097
06-12-2018,28,38125
07-12-2018,25,38150
08-12-2018,20,38170
09-12-2018,20,38190
10-12-2018,25,38215
11-12-2018,33,38248
12-12-2018,37,38285
13-12-2018,32,38317
14-12-2018,30,38347
15-12-2018,18,38365
16-12-2018,12,38377
17-12-2018,29,38406
18-12-2018,38,38444
19-12-2018,40,38484
20-12-2018,33,38517
21-12-2018,35,38552
22-12-2018,16,38568
23-12-2018,10,38578
24-12-2018,15,38593
25-12-2018,23,38616
26-12-2018,32,38648
27-12-2018,25,38673
28-12-2018,25,38698
29-12-2018,19,38717
30-12-2018,13,38730
31-12-2018,11,38741
01-01-2019,17,38758
02-01-2019,21,38779
03-01-2019,40,38819
04-01-2019,30,38849
05-01-2019,17,38866
06-01-2019,15,38881
07-01-2019,29,38910
08-01-2019,35,38945
09-01-2019,41,38986
10-01-2019,38,39024
11-01-2019,38,39062
12-01-2019,19,39081
13-01-2019,22,39103
14-01-2019,39,39142
15-01-2019,43,39185
16-01-2019,35,39220
17-01-2019,36,39256
18-01-2019,37,39293
19-01-2019,16,39309
20-01-2019,25,39334
21-01-2019,36,39370
22-01-2019,32,39402
23-01-2019,27,39429
24-01-2019,39,39468
25-01-2019,25,39493
26-01-2019,16,39509
27-01-2019,21,39530
28-01-2019,50,39580
29-01-2019,33,39613
30-01-2019,38,39651
31-01-2019,42,39693
01-02-2019,30,39723
02-02-2019,20,39743
03-02-2019,23,39766
04-02-2019,23,39789
05-02-2019,28,39817
06-02-2019,38,39855
07-02-2019,35,39890
08-02-2019,33,39923
09-02-2019,12,39935
10-02-2019,17,39952
11-02-2019,28,39980
12-02-2019,29,40009
13-02-2019,30,40039
14-02-2019,32,40071
15-02-2019,19,40090
16-02-2019,27,40117
17-02-2019,20,40137
18-02-2019,25,40162
19-02-2019,46,40208
20-02-2019,34,40242
21-02-2019,41,40283
22-02-2019,32,40315
23-02-2019,22,40337
24-02-2019,17,40354
25-02-2019,26,40380
26-02-2019,31,40411
27-02-2019,34,40445
28-02-2019,29,40474
01-03-2019,31,40505
02-03-2019,31,40536
03-03-2019,18,40554
04-03-2019,29,40583
05-03-2019,28,40611
06-03-2019,24,40635
07-03-2019,44,40679
08-03-2019,42,40721
09-03-2019,15,40736
10-03-2019,27,40763
11-03-2019,26,40789
12-03-2019,29,40818
13-03-2019,28,40846
14-03-2019,36,40882
15-03-2019,30,40912
16-03-2019,18,40930
17-03-2019,21,40951
18-03-2019,41,40992
19-03-2019,30,41022
20-03-2019,37,41059
21-03-2019,27,41086
22-03-2019,41,41127
23-03-2019,21,41148
24-03-2019,24,41172
25-03-2019,27,41199
26-03-2019,27,41226
27-03-2019,42,41268
28-03-2019,23,41291
29-03-2019,44,41335
30-03-2019,17,41352
31-03-2019,21,41373
01-04-2019,47,41420
02-04-2019,67,41487
03-04-2019,53,41540
04-04-2019,27,41567
05-04-2019,28,41595
06-04-2019,22,41617
07-04-2019,24,41641
08-04-2019,27,41668
09-04-2019,29,41697
10-04-2019,22,41719
11-04-2019,40,41759
12-04-2019,39,41798
13-04-2019,22,41820
14-04-2019,22,41842
15-04-2019,32,41874
16-04-2019,25,41899
17-04-2019,31,41930
18-04-2019,23,41953
19-04-2019,31,41984
20-04-2019,13,41997
21-04-2019,18,42015
22-04-2019,20,42035
23-04-2019,41,42076
24-04-2019,54,42130
25-04-2019,32,42162
26-04-2019,51,42213
27-04-2019,21,42234
28-04-2019,21,42255
29-04-2019,33,42288
30-04-2019,40,42328
01-05-2019,30,42358
02-05-2019,28,42386
03-05-2019,29,42415
04-05-2019,21,42436
05-05-2019,36,42472
06-05-2019,32,42504
07-05-2019,36,42540
08-05-2019,38,42578
09-05-2019,28,42606
10-05-2019,28,42634
11-05-2019,22,42656
12-05-2019,19,42675
13-05-2019,34,42709
14-05-2019,41,42750
15-05-2019,42,42792
16-05-2019,41,42833
17-05-2019,33,42866
18-05-2019,23,42889
19-05-2019,22,42911
20-05-2019,36,42947
21-05-2019,34,42981
22-05-2019,45,43026
23-05-2019,32,43058
24-05-2019,25,43083
25-05-2019,31,43114
26-05-2019,22,43136
27-05-2019,26,43162
28-05-2019,38,43200
29-05-2019,71,43271
30-05-2019,60,43331
31-05-2019,40,43371
01-06-2019,10,43381
02-06-2019,15,43396
03-06-2019,45,43441
04-06-2019,18,43459
05-06-2019,28,43487
06-06-2019,35,43522
07-06-2019,18,43540
08-06-2019,19,43559
09-06-2019,13,43572
10-06-2019,28,43600
11-06-2019,17,43617
12-06-2019,33,43650
13-06-2019,29,43679
14-06-2019,21,43700
15-06-2019,17,43717
16-06-2019,20,43737
17-06-2019,24,43761
18-06-2019,27,43788
19-06-2019,24,43812
20-06-2019,18,43830
21-06-2019,15,43845
22-06-2019,17,43862
23-06-2019,10,43872
24-06-2019,25,43897
25-06-2019,17,43914
26-06-2019,18,43932
27-06-2019,25,43957
28-06-2019,22,43979
29-06-2019,14,43993
30-06-2019,8,44001
01-07-2019,20,44021
02-07-2019,19,44040
03-07-2019,21,44061
04-07-2019,23,44084
05-07-2019,20,44104
06-07-2019,11,44115
07-07-2019,11,44126
08-07-2019,26,44152
09-07-2019,24,44176
10-07-2019,20,44196
11-07-2019,30,44226
12-07-2019,18,44244
13-07-2019,15,44259
14-07-2019,13,44272
15-07-2019,21,44293
16-07-2019,20,44313
17-07-2019,47,44360
18-07-2019,31,44391
19-07-2019,20,44411
20-07-2019,17,44428
21-07-2019,14,44442
22-07-2019,19,44461
23-07-2019,17,44478
24-07-2019,18,44496
25-07-2019,28,44524
26-07-2019,24,44548
27-07-2019,8,44556
28-07-2019,17,44573
29-07-2019,14,44587
30-07-2019,24,44611
31-07-2019,35,44646
01-08-2019,40,44686
02-08-2019,41,44727
03-08-2019,14,44741
04-08-2019,12,44753
05-08-2019,20,44773
06-08-2019,23,44796
07-08-2019,19,44815
08-08-2019,24,44839
09-08-2019,21,44860
10-08-2019,9,44869
11-08-2019,6,44875
12-08-2019,17,44892
13-08-2019,24,44916
14-08-2019,17,44933
15-08-2019,27,44960
16-08-2019,24,44984
17-08-2019,20,45004
18-08-2019,23,45027
19-08-2019,29,45056
20-08-2019,18,45074
21-08-2019,15,45089
22-08-2019,37,45126
23-08-2019,41,45167
24-08-2019,45,45212
25-08-2019,36,45248
26-08-2019,51,45299
27-08-2019,58,45357
28-08-2019,48,45405
29-08-2019,44,45449
30-08-2019,36,45485
31-08-2019,33,45518
01-09-2019,33,45551
02-09-2019,30,45581
03-09-2019,45,45626
04-09-2019,51,45677
05-09-2019,58,45735
06-09-2019,41,45776
07-09-2019,28,45804
08-09-2019,45,45849
09-09-2019,40,45889
10-09-2019,61,45950
11-09-2019,56,46006
12-09-2019,44,46050
13-09-2019,29,46079
14-09-2019,25,46104
15-09-2019,40,46144
16-09-2019,46,46190
17-09-2019,51,46241
18-09-2019,47,46288
19-09-2019,54,46342
20-09-2019,39,46381
21-09-2019,32,46413
22-09-2019,28,46441
23-09-2019,38,46479
24-09-2019,54,46533
25-09-2019,33,46566
26-09-2019,51,46617
27-09-2019,42,46659
28-09-2019,31,46690
29-09-2019,27,46717
30-09-2019,37,46754
01-10-2019,47,46801
02-10-2019,44,46845
03-10-2019,35,46880
04-10-2019,41,46921
05-10-2019,27,46948
06-10-2019,38,46986
07-10-2019,28,47014
08-10-2019,50,47064
09-10-2019,52,47116
10-10-2019,46,47162
11-10-2019,38,47200
12-10-2019,32,47232
13-10-2019,22,47254
14-10-2019,47,47301
15-10-2019,33,47334
16-10-2019,49,47383
17-10-2019,42,47425
18-10-2019,42,47467
19-10-2019,23,47490
20-10-2019,33,47523
21-10-2019,37,47560
22-10-2019,59,47619
23-10-2019,44,47663
24-10-2019,43,47706
25-10-2019,31,47737
26-10-2019,27,47764
27-10-2019,24,47788
28-10-2019,35,47823
29-10-2019,38,47861
30-10-2019,41,47902
31-10-2019,39,47941
01-11-2019,35,47976
02-11-2019,29,48005
03-11-2019,24,48029
04-11-2019,50,48079
05-11-2019,45,48124
06-11-2019,71,48195
07-11-2019,41,48236
08-11-2019,40,48276
09-11-2019,23,48299
10-11-2019,23,48322
11-11-2019,36,48358
12-11-2019,44,48402
13-11-2019,45,48447
14-11-2019,45,48492
15-11-2019,49,48541
16-11-2019,35,48576
17-11-2019,27,48603
18-11-2019,44,48647
19-11-2019,46,48693
20-11-2019,41,48734
21-11-2019,41,48775
22-11-2019,47,48822
23-11-2019,40,48862
24-11-2019,32,48894
25-11-2019,38,48932
26-11-2019,42,48974
27-11-2019,59,49033
28-11-2019,47,49080
29-11-2019,32,49112
30-11-2019,23,49135
01-12-2019,27,49162
02-12-2019,35,49197
03-12-2019,36,49233
04-12-2019,45,49278
05-12-2019,47,49325
06-12-2019,37,49362
07-12-2019,26,49388
08-12-2019,24,49412
09-12-2019,39,49451
10-12-2019,47,49498
11-12-2019,33,49531
12-12-2019,44,49575
13-12-2019,55,49630
14-12-2019,29,49659
15-12-2019,20,49679
16-12-2019,41,49720
17-12-2019,43,49763
18-12-2019,42,49805
19-12-2019,35,49840
20-12-2019,43,49883
21-12-2019,24,49907
22-12-2019,20,49927
23-12-2019,30,49957
24-12-2019,31,49988
25-12-2019,27,50015
26-12-2019,26,50041
27-12-2019,29,50070
28-12-2019,22,50092
29-12-2019,18,50110
30-12-2019,27,50137
31-12-2019,27,50164
01-01-2020,23,50187
02-01-2020,20,50207
03-01-2020,45,50252
04-01-2020,37,50289
05-01-2020,18,50307
06-01-2020,35,50342
07-01-2020,43,50385
08-01-2020,40,50425
09-01-2020,46,50471
10-01-2020,36,50507
11-01-2020,38,50545
12-01-2020,18,50563
13-01-2020,38,50601
14-01-2020,36,50637
15-01-2020,37,50674
16-01-2020,52,50726
17-01-2020,32,50758
18-01-2020,29,50787
19-01-2020,26,50813
20-01-2020,34,50847
21-01-2020,37,50884
22-01-2020,34,50918
23-01-2020,47,50965
24-01-2020,39,51004
25-01-2020,25,51029
26-01-2020,25,51054
27-01-2020,36,51090
28-01-2020,35,51125
29-01-2020,39,51164
30-01-2020,29,51193
31-01-2020,37,51230
01-02-2020,23,51253
02-02-2020,25,51278
03-02-2020,36,51314
04-02-2020,42,51356
05-02-2020,53,51409
06-02-2020,62,51471
07-02-2020,80,51551
08-02-2020,53,51604
09-02-2020,46,51650
10-02-2020,50,51700
11-02-2020,53,51753
12-02-2020,40,51793
13-02-2020,54,51847
14-02-2020,36,51883
15-02-2020,30,51913
16-02-2020,37,51950
17-02-2020,35,51985
18-02-2020,56,52041
19-02-2020,48,52089
20-02-2020,48,52137
21-02-2020,48,52185
22-02-2020,42,52227
23-02-2020,34,52261
24-02-2020,33,52294
25-02-2020,40,52334
26-02-2020,36,52370
27-02-2020,39,52409
28-02-2020,37,52446
29-02-2020,42,52488
01-03-2020,26,52514
02-03-2020,43,52557
03-03-2020,36,52593
04-03-2020,30,52623
05-03-2020,41,52664
06-03-2020,38,52702
07-03-2020,39,52741
08-03-2020,20,52761
09-03-2020,35,52796
10-03-2020,36,52832
11-03-2020,37,52869
12-03-2020,42,52911
13-03-2020,37,52948
14-03-2020,24,52972
15-03-2020,21,52993
16-03-2020,35,53028
17-03-2020,33,53061
18-03-2020,29,53090
19-03-2020,47,53137
20-03-2020,28,53165
21-03-2020,22,53187
22-03-2020,18,53205
23-03-2020,36,53241
24-03-2020,30,53271
25-03-2020,34,53305
26-03-2020,36,53341
27-03-2020,37,53378
28-03-2020,28,53406
29-03-2020,33,53439
30-03-2020,36,53475
31-03-2020,30,53505
01-04-2020,36,53541
02-04-2020,37,53578
03-04-2020,37,53615
04-04-2020,30,53645
05-04-2020,26,53671
06-04-2020,39,53710
07-04-2020,34,53744
08-04-2020,38,53782
09-04-2020,38,53820
10-04-2020,28,53848
11-04-2020,26,53874
12-04-2020,25,53899
13-04-2020,39,53938
14-04-2020,41,53979
15-04-2020,44,54023
16-04-2020,45,54068
17-04-2020,38,54106
18-04-2020,40,54146
19-04-2020,42,54188
20-04-2020,46,54234
21-04-2020,34,54268
22-04-2020,47,54315
23-04-2020,41,54356
24-04-2020,28,54384
25-04-2020,35,54419
26-04-2020,28,54447
27-04-2020,40,54487
28-04-2020,33,54520
29-04-2020,48,54568
30-04-2020,37,54605
01-05-2020,28,54633
02-05-2020,31,54664
03-05-2020,44,54708
04-05-2020,31,54739
05-05-2020,35,54774
06-05-2020,45,54819
07-05-2020,34,54853
08-05-2020,30,54883
09-05-2020,40,54923
10-05-2020,30,54953
11-05-2020,24,54977
12-05-2020,32,55009
13-05-2020,33,55042
14-05-2020,37,55079
15-05-2020,41,55120
16-05-2020,34,55154
17-05-2020,37,55191
18-05-2020,41,55232
19-05-2020,40,55272
20-05-2020,34,55306
21-05-2020,43,55349
22-05-2020,37,55386
23-05-2020,27,55413
24-05-2020,36,55449
25-05-2020,36,55485
26-05-2020,51,55536
27-05-2020,44,55580
28-05-2020,44,55624
29-05-2020,35,55659
30-05-2020,27,55686
31-05-2020,25,55711
01-06-2020,41,55752
02-06-2020,33,55785
03-06-2020,29,55814
04-06-2020,49,55863
05-06-2020,38,55901
06-06-2020,32,55933
07-06-2020,30,55963
08-06-2020,38,56001
09-06-2020,29,56030
10-06-2020,30,56060
11-06-2020,34,56094
12-06-2020,44,56138
13-06-2020,19,56157
14-06-2020,38,56195
15-06-2020,32,56227
16-06-2020,38,56265
17-06-2020,47,56312
18-06-2020,37,56349
19-06-2020,33,56382
20-06-2020,34,56416
21-06-2020,33,56449
22-06-2020,40,56489
23-06-2020,44,56533
24-06-2020,40,56573
25-06-2020,53,56626
26-06-2020,49,56675
27-06-2020,44,56719
28-06-2020,35,56754
29-06-2020,29,56783
30-06-2020,44,56827
01-07-2020,33,56860
02-07-2020,31,56891
03-07-2020,33,56924
04-07-2020,26,56950
05-07-2020,31,56981
06-07-2020,33,57014
07-07-2020,34,57048
08-07-2020,32,57080
09-07-2020,41,57121
10-07-2020,40,57161
11-07-2020,28,57189
12-07-2020,28,57217
13-07-2020,30,57247
14-07-2020,35,57282
15-07-2020,33,57315
16-07-2020,42,57357
17-07-2020,38,57395
18-07-2020,31,57426
19-07-2020,30,57456
20-07-2020,37,57493
21-07-2020,38,57531
22-07-2020,35,57566
23-07-2020,34,57600
24-07-2020,27,57627
25-07-2020,33,57660
26-07-2020,28,57688
27-07-2020,39,57727
28-07-2020,41,57768
29-07-2020,41,57809
30-07-2020,33,57842
31-07-2020,32,57874
01-08-2020,24,57898
02-08-2020,24,57922
03-08-2020,35,57957
04-08-2020,37,57994
05-08-2020,28,58022
06-08-2020,33,58055
07-08-2020,30,58085
08-08-2020,35,58120
09-08-2020,13,58133
10-08-2020,32,58165
11-08-2020,42,58207
12-08-2020,96,58303
13-08-2020,155,58458
14-08-2020,162,58620
15-08-2020,149,58769
16-08-2020,140,58909
17-08-2020,84,58993
18-08-2020,35,59028
19-08-2020,39,59067
20-08-2020,36,59103
21-08-2020,36,59139
22-08-2020,26,59165
23-08-2020,18,59183
24-08-2020,35,59218
25-08-2020,41,59259
26-08-2020,37,59296
27-08-2020,24,59320
28-08-2020,41,59361
29-08-2020,23,59384
30-08-2020,23,59407
31-08-2020,29,59436
01-09-2020,27,59463
02-09-2020,22,59485
03-09-2020,37,59522
04-09-2020,32,59554
05-09-2020,24,59578
06-09-2020,23,59601
07-09-2020,22,59623
08-09-2020,22,59645
09-09-2020,32,59677
10-09-2020,33,59710
11-09-2020,117,59827
12-09-2020,54,59881
13-09-2020,28,59909
14-09-2020,22,59931
15-09-2020,33,59964
16-09-2020,36,60000
17-09-2020,30,60030
18-09-2020,38,60068
19-09-2020,23,60091
20-09-2020,21,60112
21-09-2020,34,60146
22-09-2020,36,60182
23-09-2020,27,60209
24-09-2020,27,60236
25-09-2020,28,60264
26-09-2020,17,60281
27-09-2020,27,60308
28-09-2020,24,60332
29-09-2020,29,60361
30-09-2020,26,60387
01-10-2020,19,60406
02-10-2020,27,60433
03-10-2020,20,60453
04-10-2020,22,60475
05-10-2020,18,60493
06-10-2020,29,60522
07-10-2020,38,60560
08-10-2020,32,60592
09-10-2020,33,60625
10-10-2020,19,60644
11-10-2020,26,60670
12-10-2020,23,60693
13-10-2020,23,60716
14-10-2020,19,60735
15-10-2020,20,60755
16-10-2020,33,60788
17-10-2020,26,60814
18-10-2020,21,60835
19-10-2020,20,60855
20-10-2020,35,60890
21-10-2020,44,60934
22-10-2020,33,60967
23-10-2020,33,61000
24-10-2020,20,61020
25-10-2020,12,61032
26-10-2020,25,61057
27-10-2020,32,61089
28-10-2020,29,61118
29-10-2020,29,61147
30-10-2020,40,61187
31-10-2020,20,61207
01-11-2020,27,61234
02-11-2020,27,61261
03-11-2020,31,61292
04-11-2020,32,61324
05-11-2020,25,61349
06-11-2020,27,61376
07-11-2020,33,61409
08-11-2020,21,61430
09-11-2020,20,61450
10-11-2020,33,61483
11-11-2020,28,61511
12-11-2020,43,61554
13-11-2020,110,61664
14-11-2020,105,61769
15-11-2020,39,61808
16-11-2020,42,61850
17-11-2020,25,61875
18-11-2020,39,61914
19-11-2020,36,61950
20-11-2020,36,61986
21-11-2020,30,62016
22-11-2020,35,62051
23-11-2020,26,62077
24-11-2020,36,62113
25-11-2020,35,62148
26-11-2020,25,62173
27-11-2020,32,62205
28-11-2020,28,62233
29-11-2020,16,62249
30-11-2020,28,62277
01-12-2020,27,62304
02-12-2020,30,62334
03-12-2020,38,62372
04-12-2020,34,62406
05-12-2020,24,62430
06-12-2020,27,62457
07-12-2020,29,62486
08-12-2020,28,62514
09-12-2020,34,62548
10-12-2020,29,62577
11-12-2020,26,62603
12-12-2020,29,62632
13-12-2020,22,62654
14-12-2020,30,62684
15-12-2020,23,62707
16-12-2020,26,62733
17-12-2020,26,62759
18-12-2020,19,62778
19-12-2020,20,62798
20-12-2020,19,62817
21-12-2020,34,62851
22-12-2020,29,62880
23-12-2020,28,62908
24-12-2020,15,62923
25-12-2020,21,62944
26-12-2020,20,62964
27-12-2020,18,62982
28-12-2020,27,63009
29-12-2020,88,63097
30-12-2020,61,63158
31-12-2020,25,63183
01-01-2021,14,63197
02-01-2021,22,63219
03-01-2021,14,63233
04-01-2021,28,63261
05-01-2021,29,63290
06-01-2021,30,63320
07-01-2021,49,63369
08-01-2021,82,63451
09-01-2021,118,63569
10-01-2021,53,63622
11-01-2021,31,63653
12-01-2021,38,63691
13-01-2021,39,63730
14-01-2021,33,63763
15-01-2021,40,63803
16-01-2021,35,63838
17-01-2021,25,63863
18-01-2021,36,63899
19-01-2021,30,63929
20-01-2021,25,63954
21-01-2021,39,63993
22-01-2021,32,64025
23-01-2021,21,64046
24-01-2021,31,64077
25-01-2021,26,64103
26-01-2021,34,64137
27-01-2021,37,64174
28-01-2021,27,64201
29-01-2021,37,64238
30-01-2021,19,64257
31-01-2021,25,64282
01-02-2021,16,64298
02-02-2021,25,64323
03-02-2021,31,64354
04-02-2021,39,64393
05-02-2021,40,64433
06-02-2021,18,64451
07-02-2021,18,64469
08-02-2021,20,64489
09-02-2021,26,64515
10-02-2021,31,64546
11-02-2021,29,64575
12-02-2021,19,64594
13-02-2021,57,64651
14-02-2021,22,64673
15-02-2021,22,64695
16-02-2021,20,64715
17-02-2021,30,64745
18-02-2021,25,64770
19-02-2021,25,64795
20-02-2021,19,64814
21-02-2021,23,64837
22-02-2021,29,64866
23-02-2021,24,64890
24-02-2021,29,64919
25-02-2021,29,64948
26-02-2021,22,64970
27-02-2021,20,64990
28-02-2021,16,65006
01-03-2021,15,65021
02-03-2021,30,65051
03-03-2021,28,65079
04-03-2021,22,65101
05-03-2021,27,65128
06-03-2021,36,65164
07-03-2021,20,65184
08-03-2021,28,65212
09-03-2021,129,65341
10-03-2021,175,65516
11-03-2021,84,65600
12-03-2021,21,65621
13-03-2021,23,65644
14-03-2021,22,65666
15-03-2021,35,65701
16-03-2021,23,65724
17-03-2021,34,65758
18-03-2021,25,65783
19-03-2021,22,65805
20-03-2021,23,65828
21-03-2021,22,65850
22-03-2021,28,65878
23-03-2021,27,65905
24-03-2021,19,65924
25-03-2021,22,65946
26-03-2021,29,65975
27-03-2021,23,65998
28-03-2021,17,66015
29-03-2021,25,66040
30-03-2021,31,66071
31-03-2021,34,66105
01-04-2021,30,66135
02-04-2021,27,66162
03-04-2021,23,66185
04-04-2021,18,66203
05-04-2021,22,66225
06-04-2021,28,66253
07-04-2021,24,66277
08-04-2021,23,66300
09-04-2021,28,66328
10-04-2021,25,66353
11-04-2021,23,66376
12-04-2021,21,66397
13-04-2021,27,66424
14-04-2021,30,66454
15-04-2021,35,66489
16-04-2021,24,66513
17-04-2021,24,66537
18-04-2021,22,66559
19-04-2021,26,66585
20-04-2021,27,66612
21-04-2021,20,66632
22-04-2021,27,66659
23-04-2021,18,66677
24-04-2021,25,66702
25-04-2021,17,66719
26-04-2021,31,66750
27-04-2021,39,66789
28-04-2021,18,66807
29-04-2021,27,66834
30-04-2021,22,66856
01-05-2021,16,66872
02-05-2021,26,66898
03-05-2021,25,66923
04-05-2021,26,66949
05-05-2021,26,66975
06-05-2021,32,67007
07-05-2021,25,67032
08-05-2021,18,67050
09-05-2021,20,67070
10-05-2021,18,67088
11-05-2021,36,67124
12-05-2021,22,67146
13-05-2021,30,67176
14-05-2021,30,67206
15-05-2021,21,67227
16-05-2021,22,67249
17-05-2021,21,67270
18-05-2021,33,67303
19-05-2021,27,67330
20-05-2021,41,67371
21-05-2021,28,67399
22-05-2021,19,67418
23-05-2021,23,67441
24-05-2021,31,67472
25-05-2021,32,67504
26-05-2021,37,67541
27-05-2021,25,67566
28-05-2021,25,67591
29-05-2021,13,67604
30-05-2021,23,67627
31-05-2021,25,67652
01-06-2021,27,67679
02-06-2021,27,67706
03-06-2021,34,67740
04-06-2021,21,67761
05-06-2021,12,67773
06-06-2021,23,67796
07-06-2021,18,67814
08-06-2021,30,67844
09-06-2021,34,67878
10-06-2021,23,67901
11-06-2021,20,67921
12-06-2021,25,67946
13-06-2021,22,67968
14-06-2021,17,67985
15-06-2021,29,68014
16-06-2021,29,68043
17-06-2021,28,68071
18-06-2021,22,68093
19-06-2021,20,68113
20-06-2021,11,68124
21-06-2021,29,68153
22-06-2021,20,68173
23-06-2021,32,68205
24-06-2021,25,68230
25-06-2021,28,68258
26-06-2021,17,68275
27-06-2021,17,68292
28-06-2021,26,68318
29-06-2021,20,68338
30-06-2021,32,68370
01-07-2021,19,68389
02-07-2021,14,68403
03-07-2021,9,68412
04-07-2021,22,68434
05-07-2021,15,68449
06-07-2021,23,68472
07-07-2021,30,68502
08-07-2021,39,68541
09-07-2021,86,68627
10-07-2021,65,68692
11-07-2021,14,68706
12-07-2021,13,68719
13-07-2021,21,68740
14-07-2021,25,68765
15-07-2021,26,68791
16-07-2021,24,68815
17-07-2021,18,68833
18-07-2021,17,68850
19-07-2021,31,68881
20-07-2021,26,68907
21-07-2021,23,68930
22-07-2021,17,68947
23-07-2021,24,68971
24-07-2021,16,68987
25-07-2021,15,69002
26-07-2021,17,69019
27-07-2021,26,69045
28-07-2021,140,69185
29-07-2021,138,69323
30-07-2021,108,69431
31-07-2021,42,69473
01-08-2021,21,69494
02-08-2021,20,69514
03-08-2021,29,69543
04-08-2021,31,69574
05-08-2021,28,69602
06-08-2021,22,69624
07-08-2021,17,69641
08-08-2021,15,69656
09-08-2021,21,69677
10-08-2021,21,69698
11-08-2021,27,69725
12-08-2021,24,69749
13-08-2021,24,69773
14-08-2021,22,69795
15-08-2021,20,69815
16-08-2021,20,69835
17-08-2021,21,69856
18-08-2021,24,69880
19-08-2021,29,69909
20-08-2021,26,69935
21-08-2021,17,69952
22-08-2021,14,69966
23-08-2021,24,69990
24-08-2021,18,70008
25-08-2021,22,70030
26-08-2021,27,70057
27-08-2021,70,70127
28-08-2021,55,70182
29-08-2021,22,70204
30-08-2021,29,70233
31-08-2021,14,70247
01-09-2021,25,70272
02-09-2021,25,70297
03-09-2021,19,70316
04-09-2021,17,70333
05-09-2021,18,70351
06-09-2021,34,70385
07-09-2021,25,70410
08-09-2021,21,70431
09-09-2021,22,70453
10-09-2021,21,70474
11-09-2021,17,70491
12-09-2021,14,70505
13-09-2021,26,70531
14-09-2021,21,70552
15-09-2021,12,70564
16-09-2021,20,70584
17-09-2021,23,70607
18-09-2021,15,70622
19-09-2021,15,70637
20-09-2021,23,70660
21-09-2021,21,70681
22-09-2021,31,70712
23-09-2021,24,70736
24-09-2021,14,70750
25-09-2021,19,70769
26-09-2021,22,70791
27-09-2021,27,70818
28-09-2021,27,70845
29-09-2021,27,70872
30-09-2021,17,70889
01-10-2021,19,70908
02-10-2021,20,70928
03-10-2021,14,70942
04-10-2021,17,70959
05-10-2021,17,70976
06-10-2021,16,70992
07-10-2021,19,71011
08-10-2021,70,71081
09-10-2021,46,71127
10-10-2021,22,71149
11-10-2021,26,71175
12-10-2021,15,71190
13-10-2021,22,71212
14-10-2021,19,71231
15-10-2021,20,71251
16-10-2021,19,71270
17-10-2021,14,71284
18-10-2021,25,71309
19-10-2021,28,71337
20-10-2021,21,71358
21-10-2021,25,71383
22-10-2021,16,71399
23-10-2021,9,71408
24-10-2021,12,71420
25-10-2021,14,71434
26-10-2021,26,71460
27-10-2021,16,71476
28-10-2021,30,71506
29-10-2021,24,71530
30-10-2021,27,71557
31-10-2021,17,71574
01-11-2021,23,71597
02-11-2021,26,71623
03-11-2021,26,71649
04-11-2021,25,71674
05-11-2021,27,71701
06-11-2021,14,71715
07-11-2021,17,71732
08-11-2021,17,71749
09-11-2021,32,71781
10-11-2021,21,71802
11-11-2021,20,71822
12-11-2021,21,71843
13-11-2021,16,71859
14-11-2021,15,71874
15-11-2021,24,71898
16-11-2021,24,71922
17-11-2021,17,71939
18-11-2021,14,71953
19-11-2021,17,71970
20-11-2021,19,71989
21-11-2021,23,72012
22-11-2021,20,72032
23-11-2021,28,72060
24-11-2021,21,72081
25-11-2021,27,72108
26-11-2021,24,72132
27-11-2021,18,72150
28-11-2021,21,72171
29-11-2021,18,72189
30-11-2021,20,72209
01-12-2021,25,72234
02-12-2021,18,72252
03-12-2021,17,72269
04-12-2021,18,72287
05-12-2021,22,72309
06-12-2021,22,72331
07-12-2021,27,72358
08-12-2021,30,72388
09-12-2021,29,72417
10-12-2021,31,72448
11-12-2021,16,72464
12-12-2021,17,72481
13-12-2021,38,72519
14-12-2021,29,72548
15-12-2021,24,72572
16-12-2021,24,72596
17-12-2021,15,72611
18-12-2021,26,72637
19-12-2021,13,72650
20-12-2021,31,72681
21-12-2021,26,72707
22-12-2021,26,72733
23-12-2021,16,72749
24-12-2021,18,72767
25-12-2021,9,72776
26-12-2021,16,72792
27-12-2021,17,72809
28-12-2021,11,72820
29-12-2021,18,72838
30-12-2021,17,72855
31-12-2021,42,72897
01-01-2022,35,72932
02-01-2022,12,72944
03-01-2022,20,72964
04-01-2022,22,72986
05-01-2022,25,73011
06-01-2022,17,73028
07-01-2022,21,73049
08-01-2022,16,73065
09-01-2022,8,73073
10-01-2022,20,73093
11-01-2022,19,73112
12-01-2022,29,73141
13-01-2022,29,73170
14-01-2022,29,73199
15-01-2022,82,73281
16-01-2022,53,73334
17-01-2022,26,73360
18-01-2022,36,73396
19-01-2022,28,73424
20-01-2022,28,73452
21-01-2022,26,73478
22-01-2022,16,73494
23-01-2022,23,73517
24-01-2022,28,73545
25-01-2022,29,73574
26-01-2022,24,73598
27-01-2022,27,73625
28-01-2022,19,73644
29-01-2022,19,73663
30-01-2022,16,73679
31-01-2022,28,73707
01-02-2022,23,73730
02-02-2022,32,73762
03-02-2022,23,73785
04-02-2022,25,73810
05-02-2022,12,73822
06-02-2022,21,73843
07-02-2022,25,73868
08-02-2022,30,73898
09-02-2022,32,73930
10-02-2022,24,73954
11-02-2022,29,73983
12-02-2022,21,74004
13-02-2022,23,74027
14-02-2022,23,74050
15-02-2022,25,74075
16-02-2022,35,74110
17-02-2022,31,74141
18-02-2022,19,74160
19-02-2022,20,74180
20-02-2022,22,74202
21-02-2022,15,74217
22-02-2022,25,74242
23-02-2022,23,74265
24-02-2022,21,74286
25-02-2022,13,74299
26-02-2022,9,74308
27-02-2022,31,74339
28-02-2022,26,74365
01-03-2022,22,74387
02-03-2022,29,74416
03-03-2022,29,74445
04-03-2022,21,74466
05-03-2022,29,74495
06-03-2022,19,74514
07-03-2022,25,74539
08-03-2022,21,74560
09-03-2022,32,74592
10-03-2022,28,74620
11-03-2022,17,74637
12-03-2022,24,74661
13-03-2022,21,74682
14-03-2022,24,74706
15-03-2022,26,74732
16-03-2022,19,74751
17-03-2022,28,74779
18-03-2022,15,74794
19-03-2022,18,74812
20-03-2022,20,74832
21-03-2022,28,74860
22-03-2022,23,74883
23-03-2022,23,74906
24-03-2022,29,74935
25-03-2022,37,74972
26-03-2022,11,74983
27-03-2022,13,74996
28-03-2022,22,75018
29-03-2022,30,75048
30-03-2022,33,75081
31-03-2022,21,75102
01-04-2022,24,75126
02-04-2022,15,75141
03-04-2022,19,75160
04-04-2022,19,75179
05-04-2022,26,75205
06-04-2022,28,75233
07-04-2022,30,75263
08-04-2022,20,75283
09-04-2022,19,75302
10-04-2022,20,75322
11-04-2022,20,75342
12-04-2022,22,75364
13-04-2022,19,75383
14-04-2022,27,75410
15-04-2022,15,75425
16-04-2022,16,75441
17-04-2022,21,75462
18-04-2022,16,75478
19-04-2022,21,75499
20-04-2022,27,75526
21-04-2022,8,75534
22-04-2022,20,75554
23-04-2022,14,75568
24-04-2022,12,75580
25-04-2022,23,75603
26-04-2022,24,75627
27-04-2022,26,75653
28-04-2022,27,75680
29-04-2022,77,75757
30-04-2022,55,75812
01-05-2022,17,75829
02-05-2022,22,75851
03-05-2022,24,75875
04-05-2022,21,75896
05-05-2022,23,75919
06-05-2022,14,75933
07-05-2022,15,75948
08-05-2022,18,75966
09-05-2022,22,75988
10-05-2022,22,76010
11-05-2022,33,76043
12-05-2022,30,76073
13-05-2022,27,76100
14-05-2022,16,76116
15-05-2022,17,76133
16-05-2022,22,76155
17-05-2022,20,76175
18-05-2022,27,76202
19-05-2022,27,76229
20-05-2022,18,76247
21-05-2022,18,76265
22-05-2022,18,76283
23-05-2022,18,76301
24-05-2022,24,76325
25-05-2022,40,76365
26-05-2022,20,76385
27-05-2022,23,76408
28-05-2022,19,76427
29-05-2022,21,76448
30-05-2022,36,76484
31-05-2022,23,76507
01-06-2022,28,76535
02-06-2022,25,76560
03-06-2022,26,76586
04-06-2022,61,76647
05-06-2022,57,76704
06-06-2022,26,76730
07-06-2022,28,76758
08-06-2022,24,76782
09-06-2022,30,76812
10-06-2022,24,76836
11-06-2022,16,76852
12-06-2022,9,76861
13-06-2022,24,76885
14-06-2022,20,76905
15-06-2022,30,76935
16-06-2022,10,76945
17-06-2022,23,76968
18-06-2022,22,76990
19-06-2022,27,77017
20-06-2022,17,77034
21-06-2022,12,77046
22-06-2022,19,77065
23-06-2022,24,77089
24-06-2022,27,77116
25-06-2022,16,77132
26-06-2022,12,77144
27-06-2022,28,77172
28-06-2022,56,77228
29-06-2022,79,77307
30-06-2022,46,77353
01-07-2022,22,77375
02-07-2022,14,77389
03-07-2022,16,77405
04-07-2022,30,77435
05-07-2022,32,77467
06-07-2022,22,77489
07-07-2022,26,77515
08-07-2022,14,77529
09-07-2022,17,77546
10-07-2022,21,77567
11-07-2022,16,77583
12-07-2022,25,77608
13-07-2022,20,77628
14-07-2022,29,77657
15-07-2022,18,77675
16-07-2022,12,77687
17-07-2022,20,77707
18-07-2022,26,77733
19-07-2022,32,77765
20-07-2022,26,77791
21-07-2022,21,77812
22-07-2022,18,77830
23-07-2022,15,77845
24-07-2022,15,77860
25-07-2022,24,77884
26-07-2022,32,77916
27-07-2022,29,77945
28-07-2022,31,77976
29-07-2022,29,78005
30-07-2022,14,78019
31-07-2022,14,78033
01-08-2022,23,78056
02-08-2022,23,78079
03-08-2022,16,78095
04-08-2022,28,78123
05-08-2022,21,78144
06-08-2022,11,78155
07-08-2022,21,78176
08-08-2022,15,78191
09-08-2022,17,78208
10-08-2022,17,78225
11-08-2022,23,78248
12-08-2022,28,78276
13-08-2022,18,78294
14-08-2022,15,78309
15-08-2022,16,78325
16-08-2022,22,78347
17-08-2022,16,78363
18-08-2022,21,78384
19-08-2022,51,78435
20-08-2022,31,78466
21-08-2022,16,78482
22-08-2022,17,78499
23-08-2022,21,78520
24-08-2022,22,78542
25-08-2022,22,78564
26-08-2022,21,78585
27-08-2022,27,78612
28-08-2022,16,78628
29-08-2022,23,78651
30-08-2022,24,78675
31-08-2022,17,78692
01-09-2022,23,78715
02-09-2022,34,78749
03-09-2022,21,78770
04-09-2022,18,78788
05-09-2022,25,78813
06-09-2022,20,78833
07-09-2022,25,78858
08-09-2022,21,78879
09-09-2022,19,78898
10-09-2022,17,78915
11-09-2022,18,78933
12-09-2022,27,78960
13-09-2022,31,78991
14-09-2022,31,79022
15-09-2022,25,79047
16-09-2022,20,79067
17-09-2022,12,79079
18-09-2022,16,79095
19-09-2022,24,79119
20-09-2022,22,79141
21-09-2022,31,79172
22-09-2022,14,79186
23-09-2022,15,79201
24-09-2022,19,79220
25-09-2022,13,79233
26-09-2022,26,79259
27-09-2022,17,79276
28-09-2022,21,79297
29-09-2022,16,79313
30-09-2022,16,79329
01-10-2022,16,79345
02-10-2022,13,79358
03-10-2022,16,79374
04-10-2022,15,79389
05-10-2022,23,79412
06-10-2022,17,79429
07-10-2022,18,79447
08-10-2022,14,79461
09-10-2022,22,79483
10-10-2022,23,79506
11-10-2022,17,79523
12-10-2022,27,79550
13-10-2022,14,79564
14-10-2022,20,79584
15-10-2022,19,79603
16-10-2022,18,79621
17-10-2022,22,79643
18-10-2022,16,79659
19-10-2022,25,79684
20-10-2022,19,79703
21-10-2022,25,79728
22-10-2022,12,79740
23-10-2022,11,79751
24-10-2022,26,79777
25-10-2022,16,79793
26-10-2022,12,79805
27-10-2022,18,79823
28-10-2022,24,79847
29-10-2022,14,79861
30-10-2022,16,79877
31-10-2022,21,79898
01-11-2022,18,79916
02-11-2022,19,79935
03-11-2022,24,79959
04-11-2022,23,79982
05-11-2022,17,79999
06-11-2022,20,80019
07-11-2022,19,80038
08-11-2022,32,80070
09-11-2022,19,80089
10-11-2022,19,80108
11-11-2022,7,80115
12-11-2022,14,80129
13-11-2022,24,80153
14-11-2022,16,80169
15-11-2022,20,80189
16-11-2022,35,80224
17-11-2022,63,80287
18-11-2022,75,80362
19-11-2022,49,80411
20-11-2022,37,80448
21-11-2022,20,80468
22-11-2022,18,80486
23-11-2022,22,80508
24-11-2022,20,80528
25-11-2022,16,80544
26-11-2022,18,80562
27-11-2022,8,80570
28-11-2022,11,80581
29-11-2022,23,80604
30-11-2022,22,80626
01-12-2022,25,80651
02-12-2022,17,80668
03-12-2022,14,80682
04-12-2022,16,80698
05-12-2022,19,80717
06-12-2022,21,80738
07-12-2022,11,80749
08-12-2022,27,80776
09-12-2022,12,80788
10-12-2022,14,80802
11-12-2022,15,80817
12-12-2022,19,80836
13-12-2022,18,80854
14-12-2022,20,80874
15-12-2022,19,80893
16-12-2022,16,80909
17-12-2022,3,80912
18-12-2022,11,80923
19-12-2022,25,80948
20-12-2022,19,80967
21-12-2022,23,80990
22-12-2022,23,81013
23-12-2022,11,81024
24-12-2022,7,81031
25-12-2022,13,81044
26-12-2022,12,81056
27-12-2022,10,81066
28-12-2022,21,81087
29-12-2022,21,81108
30-12-2022,17,81125
31-12-2022,18,81143
01-01-2023,9,81152
02-01-2023,26,81178
03-01-2023,22,81200
04-01-2023,27,81227
05-01-2023,18,81245
06-01-2023,20,81265
07-01-2023,14,81279
08-01-2023,16,81295
09-01-2023,19,81314
10-01-2023,26,81340
11-01-2023,16,81356
12-01-2023,28,81384
13-01-2023,15,81399
14-01-2023,13,81412
15-01-2023,15,81427
16-01-2023,15,81442
17-01-2023,31,81473
18-01-2023,28,81501
19-01-2023,18,81519
20-01-2023,16,81535
21-01-2023,12,81547
22-01-2023,14,81561
23-01-2023,18,81579
24-01-2023,23,81602
25-01-2023,16,81618
26-01-2023,21,81639
27-01-2023,12,81651
28-01-2023,16,81667
29-01-2023,11,81678
30-01-2023,15,81693
31-01-2023,23,81716
01-02-2023,26,81742
02-02-2023,19,81761
03-02-2023,14,81775
04-02-2023,17,81792
05-02-2023,14,81806
06-02-2023,16,81822
07-02-2023,22,81844
08-02-2023,17,81861
09-02-2023,21,81882
10-02-2023,20,81902
11-02-2023,14,81916
12-02-2023,17,81933
13-02-2023,21,81954
14-02-2023,51,82005
15-02-2023,52,82057
16-02-2023,41,82098
17-02-2023,33,82131
18-02-2023,21,82152
19-02-2023,18,82170
20-02-2023,18,82188
21-02-2023,24,82212
22-02-2023,20,82232
23-02-2023,22,82254
24-02-2023,27,82281
25-02-2023,21,82302
26-02-2023,22,82324
27-02-2023,23,82347
28-02-2023,27,82374
01-03-2023,33,82407
02-03-2023,19,82426
03-03-2023,17,82443
04-03-2023,21,82464
05-03-2023,19,82483
06-03-2023,19,82502
07-03-2023,28,82530
08-03-2023,24,82554
09-03-2023,27,82581
10-03-2023,20,82601
11-03-2023,18,82619
12-03-2023,8,82627
13-03-2023,27,82654
14-03-2023,32,82686
15-03-2023,20,82706
16-03-2023,22,82728
17-03-2023,23,82751
18-03-2023,19,82770
19-03-2023,22,82792
20-03-2023,19,82811
21-03-2023,26,82837
22-03-2023,32,82869
23-03-2023,24,82893
24-03-2023,22,82915
25-03-2023,8,82923
26-03-2023,11,82934
27-03-2023,20,82954
28-03-2023,23,82977
29-03-2023,18,82995
30-03-2023,21,83016
31-03-2023,25,83041
01-04-2023,19,83060
02-04-2023,13,83073
03-04-2023,27,83100
04-04-2023,30,83130
05-04-2023,36,83166
06-04-2023,20,83186
07-04-2023,28,83214
08-04-2023,28,83242
09-04-2023,19,83261
10-04-2023,11,83272
11-04-2023,28,83300
12-04-2023,29,83329
13-04-2023,30,83359
14-04-2023,30,83389
15-04-2023,15,83404
16-04-2023,16,83420
17-04-2023,12,83432
18-04-2023,26,83458
19-04-2023,31,83489
20-04-2023,19,83508
21-04-2023,29,83537
22-04-2023,16,83553
23-04-2023,12,83565
24-04-2023,34,83599
25-04-2023,23,83622
26-04-2023,22,83644
27-04-2023,28,83672
28-04-2023,59,83731
29-04-2023,87,83818
30-04-2023,10,83828
01-05-2023,23,83851
02-05-2023,7,83858
03-05-2023,28,83886
04-05-2023,40,83926
05-05-2023,35,83961
06-05-2023,17,83978
07-05-2023,25,84003
08-05-2023,30,84033
09-05-2023,18,84051
10-05-2023,21,84072
11-05-2023,23,84095
12-05-2023,21,84116
13-05-2023,13,84129
14-05-2023,16,84145
15-05-2023,24,84169
16-05-2023,24,84193
17-05-2023,22,84215
18-05-2023,21,84236
19-05-2023,16,84252
20-05-2023,26,84278
21-05-2023,14,84292
22-05-2023,15,84307
23-05-2023,20,84327
24-05-2023,28,84355
25-05-2023,18,84373
26-05-2023,21,84394
27-05-2023,17,84411
28-05-2023,15,84426
29-05-2023,26,84452
30-05-2023,20,84472
31-05-2023,20,84492
01-06-2023,20,84512
02-06-2023,21,84533
03-06-2023,7,84540
04-06-2023,14,84554
05-06-2023,21,84575
06-06-2023,22,84597
07-06-2023,13,84610
08-06-2023,21,84631
09-06-2023,17,84648
10-06-2023,14,84662
11-06-2023,16,84678
12-06-2023,23,84701
13-06-2023,27,84728
14-06-2023,22,84750
15-06-2023,25,84775
16-06-2023,24,84799
17-06-2023,13,84812
18-06-2023,19,84831
19-06-2023,16,84847
20-06-2023,26,84873
21-06-2023,22,84895
22-06-2023,35,84930
23-06-2023,52,84982
24-06-2023,71,85053
25-06-2023,50,85103
26-06-2023,21,85124
27-06-2023,18,85142
28-06-2023,24,85166
29-06-2023,21,85187
30-06-2023,18,85205
01-07-2023,13,85218
02-07-2023,22,85240
03-07-2023,18,85258
04-07-2023,20,85278
05-07-2023,24,85302
06-07-2023,30,85332
07-07-2023,21,85353
08-07-2023,14,85367
09-07-2023,17,85384
10-07-2023,13,85397
11-07-2023,20,85417
12-07-2023,18,85435
13-07-2023,16,85451
14-07-2023,22,85473
15-07-2023,14,85487
16-07-2023,22,85509
17-07-2023,17,85526
18-07-2023,28,85554
19-07-2023,16,85570
20-07-2023,32,85602
21-07-2023,18,85620
22-07-2023,15,85635
23-07-2023,14,85649
24-07-2023,28,85677
25-07-2023,16,85693
26-07-2023,19,85712
27-07-2023,16,85728
28-07-2023,19,85747
29-07-2023,10,85757
30-07-2023,10,85767
31-07-2023,18,85785
01-08-2023,22,85807
02-08-2023,20,85827
03-08-2023,21,85848
04-08-2023,16,85864
05-08-2023,21,85885
06-08-2023,21,85906
07-08-2023,17,85923
08-08-2023,30,85953
09-08-2023,21,85974
10-08-2023,11,85985
11-08-2023,24,86009
12-08-2023,13,86022
13-08-2023,19,86041
14-08-2023,16,86057
15-08-2023,15,86072
16-08-2023,21,86093
17-08-2023,44,86137
18-08-2023,52,86189
19-08-2023,17,86206
20-08-2023,22,86228
21-08-2023,15,86243
22-08-2023,15,86258
23-08-2023,28,86286
24-08-2023,20,86306
25-08-2023,14,86320
26-08-2023,7,86327
27-08-2023,11,86338
28-08-2023,21,86359
29-08-2023,18,86377
30-08-2023,20,86397
31-08-2023,17,86414
01-09-2023,19,86433
02-09-2023,12,86445
03-09-2023,16,86461
04-09-2023,17,86478
05-09-2023,21,86499
06-09-2023,13,86512
07-09-2023,23,86535
08-09-2023,22,86557
09-09-2023,12,86569
10-09-2023,20,86589
11-09-2023,17,86606
12-09-2023,32,86638
13-09-2023,54,86692
14-09-2023,63,86755
15-09-2023,58,86813
16-09-2023,47,86860
17-09-2023,15,86875
18-09-2023,22,86897
19-09-2023,16,86913
20-09-2023,21,86934
21-09-2023,22,86956
22-09-2023,18,86974
23-09-2023,10,86984
24-09-2023,12,86996
25-09-2023,22,87018
26-09-2023,18,87036
27-09-2023,21,87057
28-09-2023,24,87081
29-09-2023,24,87105
30-09-2023,27,87132
01-10-2023,26,87158
02-10-2023,22,87180
03-10-2023,13,87193
04-10-2023,13,87206
05-10-2023,30,87236
06-10-2023,18,87254
07-10-2023,11,87265
08-10-2023,16,87281
09-10-2023,15,87296
10-10-2023,30,87326
11-10-2023,18,87344
12-10-2023,17,87361
13-10-2023,27,87388
14-10-2023,32,87420
15-10-2023,25,87445
16-10-2023,11,87456
17-10-2023,19,87475
18-10-2023,20,87495
19-10-2023,19,87514
20-10-2023,20,87534
21-10-2023,18,87552
22-10-2023,14,87566
23-10-2023,16,87582
24-10-2023,15,87597
25-10-2023,22,87619
26-10-2023,20,87639
27-10-2023,22,87661
28-10-2023,11,87672
29-10-2023,11,87683
30-10-2023,16,87699
31-10-2023,16,87715
01-11-2023,20,87735
02-11-2023,13,87748
03-11-2023,17,87765
04-11-2023,16,87781
05-11-2023,15,87796
06-11-2023,36,87832
07-11-2023,82,87914
08-11-2023,367,88281
09-11-2023,293,88574
10-11-2023,93,88667
11-11-2023,56,88723
12-11-2023,31,88754
13-11-2023,31,88785
14-11-2023,25,88810
15-11-2023,32,88842
16-11-2023,35,88877
17-11-2023,16,88893
18-11-2023,26,88919
19-11-2023,18,88937
20-11-2023,27,88964
21-11-2023,26,88990
22-11-2023,34,89024
23-11-2023,53,89077
24-11-2023,116,89193
25-11-2023,111,89304
26-11-2023,79,89383
27-11-2023,85,89468
28-11-2023,71,89539
29-11-2023,23,89562
30-11-2023,34,89596
01-12-2023,23,89619
02-12-2023,11,89630
03-12-2023,16,89646
04-12-2023,19,89665
05-12-2023,19,89684
06-12-2023,15,89699
07-12-2023,11,89710
08-12-2023,15,89725
09-12-2023,16,89741
10-12-2023,14,89755
11-12-2023,10,89765
12-12-2023,18,89783
13-12-2023,19,89802
14-12-2023,10,89812
15-12-2023,13,89825
16-12-2023,7,89832
17-12-2023,10,89842
18-12-2023,11,89853
19-12-2023,12,89865
20-12-2023,16,89881
21-12-2023,21,89902
22-12-2023,41,89943
23-12-2023,20,89963
24-12-2023,13,89976
25-12-2023,3,89979
26-12-2023,22,90001
27-12-2023,16,90017
28-12-2023,21,90038
29-12-2023,13,90051
30-12-2023,8,90059
31-12-2023,13,90072
01-01-2024,10,90082
02-01-2024,13,90095
03-01-2024,17,90112
04-01-2024,21,90133
05-01-2024,16,90149
06-01-2024,7,90156
07-01-2024,10,90166
08-01-2024,14,90180
09-01-2024,17,90197
10-01-2024,18,90215
11-01-2024,21,90236
12-01-2024,22,90258
13-01-2024,13,90271
14-01-2024,9,90280
15-01-2024,20,90300
16-01-2024,22,90322
17-01-2024,21,90343
18-01-2024,22,90365
19-01-2024,26,90391
20-01-2024,15,90406
21-01-2024,14,90420
22-01-2024,14,90434
23-01-2024,21,90455
24-01-2024,14,90469
25-01-2024,18,90487
26-01-2024,19,90506
27-01-2024,17,90523
28-01-2024,18,90541
29-01-2024,21,90562
30-01-2024,16,90578
31-01-2024,21,90599
01-02-2024,13,90612
02-02-2024,21,90633
03-02-2024,19,90652
04-02-2024,12,90664
05-02-2024,14,90678
06-02-2024,17,90695
07-02-2024,19,90714
08-02-2024,16,90730
09-02-2024,12,90742
10-02-2024,22,90764
11-02-2024,11,90775
12-02-2024,9,90784
13-02-2024,22,90806
14-02-2024,11,90817
15-02-2024,20,90837
16-02-2024,36,90873
17-02-2024,20,90893
18-02-2024,22,90915
19-02-2024,16,90931
20-02-2024,20,90951
21-02-2024,12,90963
22-02-2024,18,90981
23-02-2024,11,90992
24-02-2024,17,91009
25-02-2024,8,91017
26-02-2024,19,91036
27-02-2024,17,91053
28-02-2024,18,91071
29-02-2024,25,91096
01-03-2024,25,91121
02-03-2024,127,91248
03-03-2024,62,91310
04-03-2024,44,91354
05-03-2024,37,91391
06-03-2024,28,91419
07-03-2024,24,91443
08-03-2024,25,91468
09-03-2024,11,91479
10-03-2024,15,91494
11-03-2024,18,91512
12-03-2024,24,91536
13-03-2024,20,91556
14-03-2024,20,91576
15-03-2024,14,91590
16-03-2024,11,91601
17-03-2024,14,91615
18-03-2024,18,91633
19-03-2024,22,91655
20-03-2024,15,91670
21-03-2024,19,91689
22-03-2024,14,91703
23-03-2024,13,91716
24-03-2024,13,91729
25-03-2024,11,91740
26-03-2024,29,91769
27-03-2024,13,91782
28-03-2024,16,91798
29-03-2024,12,91810
30-03-2024,19,91829
31-03-2024,13,91842
01-04-2024,22,91864
02-04-2024,19,91883
03-04-2024,16,91899
04-04-2024,13,91912
05-04-2024,12,91924
06-04-2024,13,91937
07-04-2024,16,91953
08-04-2024,18,91971
09-04-2024,15,91986
10-04-2024,11,91997
11-04-2024,16,92013
12-04-2024,19,92032
13-04-2024,13,92045
14-04-2024,9,92054
15-04-2024,14,92068
16-04-2024,23,92091
17-04-2024,18,92109
18-04-2024,22,92131
19-04-2024,18,92149
20-04-2024,14,92163
21-04-2024,11,92174
22-04-2024,14,92188
23-04-2024,17,92205
24-04-2024,15,92220
25-04-2024,21,92241
26-04-2024,15,92256
27-04-2024,9,92265
28-04-2024,15,92280
29-04-2024,21,92301
30-04-2024,18,92319
01-05-2024,12,92331
02-05-2024,8,92339
03-05-2024,13,92352
04-05-2024,11,92363
05-05-2024,15,92378
06-05-2024,12,92390
07-05-2024,14,92404
08-05-2024,13,92417
09-05-2024,16,92433
10-05-2024,11,92444
11-05-2024,13,92457
12-05-2024,12,92469
13-05-2024,10,92479
14-05-2024,14,92493
15-05-2024,17,92510
16-05-2024,12,92522
17-05-2024,17,92539
18-05-2024,7,92546
19-05-2024,8,92554
20-05-2024,18,92572
21-05-2024,13,92585
22-05-2024,19,92604
23-05-2024,31,92635
24-05-2024,55,92690
25-05-2024,26,92716
26-05-2024,6,92722
27-05-2024,11,92733
28-05-2024,19,92752
29-05-2024,17,92769
30-05-2024,21,92790
31-05-2024,11,92801
01-06-2024,8,92809
02-06-2024,11,92820
03-06-2024,10,92830
04-06-2024,20,92850
05-06-2024,6,92856
06-06-2024,10,92866
07-06-2024,19,92885
08-06-2024,6,92891
09-06-2024,10,92901
10-06-2024,10,92911
11-06-2024,9,92920
12-06-2024,14,92934
13-06-2024,18,92952
14-06-2024,13,92965
15-06-2024,12,92977
16-06-2024,11,92988
17-06-2024,22,93010
18-06-2024,9,93019
19-06-2024,19,93038
20-06-2024,19,93057
21-06-2024,10,93067
22-06-2024,11,93078
23-06-2024,18,93096
24-06-2024,29,93125
25-06-2024,12,93137
26-06-2024,17,93154
27-06-2024,12,93166
28-06-2024,17,93183
29-06-2024,3,93186
30-06-2024,6,93192
01-07-2024,9,93201
02-07-2024,16,93217
03-07-2024,14,93231
04-07-2024,14,93245
05-07-2024,13,93258
06-07-2024,12,93270
07-07-2024,8,93278
08-07-2024,18,93296
09-07-2024,23,93319
10-07-2024,11,93330
11-07-2024,16,93346
12-07-2024,11,93357
13-07-2024,10,93367
14-07-2024,10,93377
15-07-2024,8,93385
16-07-2024,13,93398
17-07-2024,9,93407
18-07-2024,9,93416
19-07-2024,14,93430
20-07-2024,13,93443
21-07-2024,9,93452
22-07-2024,11,93463
23-07-2024,22,93485
24-07-2024,20,93505
25-07-2024,14,93519
26-07-2024,13,93532
27-07-2024,4,93536
28-07-2024,6,93542
29-07-2024,14,93556
30-07-2024,16,93572
31-07-2024,9,93581
01-08-2024,10,93591
02-08-2024,14,93605
03-08-2024,10,93615
04-08-2024,3,93618
05-08-2024,12,93630
06-08-2024,10,93640
07-08-2024,16,93656
08-08-2024,18,93674
09-08-2024,8,93682
10-08-2024,12,93694
11-08-2024,11,93705
12-08-2024,14,93719
13-08-2024,8,93727
14-08-2024,14,93741
15-08-2024,17,93758
16-08-2024,16,93774
17-08-2024,12,93786
18-08-2024,8,93794
19-08-2024,16,93810
20-08-2024,14,93824
21-08-2024,19,93843
22-08-2024,13,93856
23-08-2024,12,93868
24-08-2024,13,93881
25-08-2024,5,93886
26-08-2024,15,93901
27-08-2024,11,93912
28-08-2024,16,93928
29-08-2024,7,93935
30-08-2024,19,93954
31-08-2024,9,93963
01-09-2024,5,93968
02-09-2024,11,93979
03-09-2024,8,93987
04-09-2024,15,94002
05-09-2024,14,94016
06-09-2024,7,94023
07-09-2024,11,94034
08-09-2024,10,94044
09-09-2024,11,94055
10-09-2024,6,94061
11-09-2024,18,94079
12-09-2024,9,94088
13-09-2024,17,94105
14-09-2024,7,94112
15-09-2024,13,94125
16-09-2024,7,94132
17-09-2024,10,94142
18-09-2024,15,94157
19-09-2024,9,94166
20-09-2024,17,94183
21-09-2024,9,94192
22-09-2024,11,94203
23-09-2024,13,94216
24-09-2024,16,94232
25-09-2024,22,94254
26-09-2024,23,94277
27-09-2024,40,94317
28-09-2024,36,94353
29-09-2024,10,94363
30-09-2024,14,94377
01-10-2024,16,94393
02-10-2024,6,94399
03-10-2024,6,94405
04-10-2024,14,94419
05-10-2024,12,94431
06-10-2024,11,94442
07-10-2024,9,94451
08-10-2024,16,94467
09-10-2024,13,94480
10-10-2024,13,94493
11-10-2024,14,94507
12-10-2024,11,94518
13-10-2024,9,94527
14-10-2024,11,94538
15-10-2024,12,94550
16-10-2024,15,94565
17-10-2024,14,94579
18-10-2024,8,94587
19-10-2024,8,94595
20-10-2024,5,94600
21-10-2024,15,94615
22-10-2024,17,94632
23-10-2024,11,94643
24-10-2024,9,94652
25-10-2024,13,94665
26-10-2024,10,94675
27-10-2024,7,94682
28-10-2024,14,94696
29-10-2024,16,94712
30-10-2024,13,94725
31-10-2024,12,94737
01-11-2024,10,94747
02-11-2024,8,94755
03-11-2024,7,94762
04-11-2024,18,94780
05-11-2024,13,94793
06-11-2024,13,94806
07-11-2024,10,94816
08-11-2024,12,94828
09-11-2024,15,94843
10-11-2024,12,94855
11-11-2024,9,94864
12-11-2024,14,94878
13-11-2024,11,94889
14-11-2024,20,94909
15-11-2024,15,94924
16-11-2024,11,94935
17-11-2024,11,94946
18-11-2024,22,94968
19-11-2024,17,94985
20-11-2024,24,95009
21-11-2024,13,95022
22-11-2024,11,95033
23-11-2024,13,95046
24-11-2024,17,95063
25-11-2024,12,95075
26-11-2024,12,95087
27-11-2024,8,95095
28-11-2024,17,95112
29-11-2024,14,95126
30-11-2024,12,95138
01-12-2024,16,95154
02-12-2024,18,95172
03-12-2024,16,95188
04-12-2024,11,95199
05-12-2024,8,95207
06-12-2024,4,95211
07-12-2024,8,95219
08-12-2024,8,95227
09-12-2024,12,95239
10-12-2024,9,95248
11-12-2024,11,95259
12-12-2024,13,95272
13-12-2024,9,95281
14-12-2024,10,95291
15-12-2024,5,95296
16-12-2024,8,95304
17-12-2024,8,95312
18-12-2024,6,95318
19-12-2024,11,95329
20-12-2024,10,95339
21-12-2024,6,95345
22-12-2024,11,95356
23-12-2024,8,95364
24-12-2024,13,95377
25-12-2024,10,95387
26-12-2024,9,95396
27-12-2024,6,95402
28-12-2024,8,95410
29-12-2024,8,95418
30-12-2024,8,95426
31-12-2024,6,95432
01-01-2025,8,95440
02-01-2025,13,95453
03-01-2025,7,95460
04-01-2025,8,95468
05-01-2025,9,95477
06-01-2025,3,95480
07-01-2025,16,95496
08-01-2025,17,95513
09-01-2025,11,95524
10-01-2025,14,95538
11-01-2025,10,95548
12-01-2025,4,95552
13-01-2025,13,95565
14-01-2025,9,95574
15-01-2025,10,95584
16-01-2025,11,95595
17-01-2025,13,95608
18-01-2025,3,95611
19-01-2025,5,95616
20-01-2025,8,95624
21-01-2025,9,95633
22-01-2025,9,95642
23-01-2025,9,95651
24-01-2025,10,95661
25-01-2025,16,95677
26-01-2025,33,95710
27-01-2025,18,95728
28-01-2025,16,95744
29-01-2025,14,95758
30-01-2025,23,95781
31-01-2025,24,95805
01-02-2025,13,95818
02-02-2025,7,95825
03-02-2025,15,95840
04-02-2025,17,95857
05-02-2025,11,95868
06-02-2025,15,95883
07-02-2025,10,95893
08-02-2025,8,95901
09-02-2025,13,95914
10-02-2025,17,95931
11-02-2025,11,95942
12-02-2025,30,95972
13-02-2025,18,95990
14-02-2025,12,96002
15-02-2025,7,96009
16-02-2025,12,96021
17-02-2025,9,96030
18-02-2025,13,96043
19-02-2025,13,96056
20-02-2025,18,96074
21-02-2025,16,96090
22-02-2025,12,96102
23-02-2025,20,96122
24-02-2025,15,96137
25-02-2025,13,96150
26-02-2025,10,96160
27-02-2025,15,96175
28-02-2025,19,96194
01-03-2025,7,96201
02-03-2025,13,96214
03-03-2025,11,96225
04-03-2025,10,96235
05-03-2025,9,96244
06-03-2025,30,96274
07-03-2025,26,96300
08-03-2025,7,96307
09-03-2025,10,96317
10-03-2025,11,96328
11-03-2025,10,96338
12-03-2025,15,96353
13-03-2025,15,96368
14-03-2025,8,96376
15-03-2025,10,96386
16-03-2025,14,96400
17-03-2025,7,96407
18-03-2025,14,96421
19-03-2025,18,96439
20-03-2025,14,96453
21-03-2025,11,96464
22-03-2025,6,96470
23-03-2025,11,96481
24-03-2025,8,96489
25-03-2025,5,96494
26-03-2025,12,96506
27-03-2025,10,96516
28-03-2025,15,96531
29-03-2025,50,96581
30-03-2025,40,96621
31-03-2025,9,96630
01-04-2025,13,96643
02-04-2025,7,96650
03-04-2025,15,96665
04-04-2025,7,96672
05-04-2025,10,96682
06-04-2025,8,96690
07-04-2025,11,96701
08-04-2025,12,96713
09-04-2025,13,96726
10-04-2025,6,96732
11-04-2025,17,96749
12-04-2025,8,96757
13-04-2025,11,96768
14-04-2025,5,96773
15-04-2025,10,96783
16-04-2025,15,96798
17-04-2025,9,96807
18-04-2025,12,96819
19-04-2025,14,96833
20-04-2025,7,96840
21-04-2025,15,96855
22-04-2025,24,96879
23-04-2025,19,96898
24-04-2025,17,96915
25-04-2025,6,96921
26-04-2025,10,96931
27-04-2025,6,96937
28-04-2025,11,96948
29-04-2025,7,96955
30-04-2025,14,96969
01-05-2025,14,96983
02-05-2025,7,96990
03-05-2025,11,97001
04-05-2025,15,97016
05-05-2025,14,97030
06-05-2025,9,97039
07-05-2025,8,97047
08-05-2025,11,97058
09-05-2025,12,97070
10-05-2025,7,97077
11-05-2025,7,97084
12-05-2025,10,97094
13-05-2025,11,97105
14-05-2025,17,97122
15-05-2025,11,97133
16-05-2025,10,97143
17-05-2025,9,97152
18-05-2025,6,97158
19-05-2025,13,97171
20-05-2025,12,97183
21-05-2025,13,97196
22-05-2025,17,97213
23-05-2025,16,97229
24-05-2025,9,97238
25-05-2025,14,97252
26-05-2025,17,97269
27-05-2025,18,97287
28-05-2025,24,97311
29-05-2025,71,97382
30-05-2025,63,97445
31-05-2025,11,97456
01-06-2025,15,97471
02-06-2025,23,97494
03-06-2025,14,97508
04-06-2025,22,97530
05-06-2025,16,97546
06-06-2025,16,97562
07-06-2025,11,97573
08-06-2025,11,97584
09-06-2025,23,97607
10-06-2025,10,97617
11-06-2025,14,97631
12-06-2025,13,97644
13-06-2025,13,97657
14-06-2025,10,97667
15-06-2025,9,97676
16-06-2025,12,97688
17-06-2025,12,97700
18-06-2025,14,97714
19-06-2025,10,97724
20-06-2025,8,97732
21-06-2025,14,97746
22-06-2025,8,97754
23-06-2025,11,97765
24-06-2025,9,97774
25-06-2025,13,97787
26-06-2025,10,97797
27-06-2025,10,97807
28-06-2025,16,97823
29-06-2025,7,97830
30-06-2025,10,97840
01-07-2025,10,97850
02-07-2025,14,97864
03-07-2025,5,97869
04-07-2025,3,97872
05-07-2025,10,97882
06-07-2025,11,97893
07-07-2025,3,97896
08-07-2025,16,97912
09-07-2025,9,97921
10-07-2025,11,97932
11-07-2025,10,97942
12-07-2025,8,97950
13-07-2025,13,97963
14-07-2025,8,97971
15-07-2025,11,97982
16-07-2025,5,97987
17-07-2025,18,98005
18-07-2025,16,98021
19-07-2025,8,98029
20-07-2025,7,98036
21-07-2025,13,98049
22-07-2025,19,98068
23-07-2025,9,98077
24-07-2025,8,98085
25-07-2025,16,98101
26-07-2025,4,98105
27-07-2025,4,98109
28-07-2025,8,98117
29-07-2025,9,98126
30-07-2025,15,98141
31-07-2025,10,98151
01-08-2025,7,98158
02-08-2025,4,98162
03-08-2025,8,98170
04-08-2025,10,98180
05-08-2025,14,98194
06-08-2025,15,98209
07-08-2025,14,98223
08-08-2025,16,98239
09-08-2025,6,98245
10-08-2025,12,98257
11-08-2025,13,98270
12-08-2025,12,98282
13-08-2025,14,98296
14-08-2025,10,98306
15-08-2025,13,98319
16-08-2025,8,98327
17-08-2025,13,98340
18-08-2025,8,98348
19-08-2025,11,98359
20-08-2025,11,98370
21-08-2025,7,98377
22-08-2025,11,98388
23-08-2025,7,98395
24-08-2025,10,98405
25-08-2025,17,98422
26-08-2025,8,98430
27-08-2025,14,98444
28-08-2025,10,98454
29-08-2025,13,98467
30-08-2025,8,98475
31-08-2025,8,98483
01-09-2025,8,98491
02-09-2025,17,98508
03-09-2025,12,98520
04-09-2025,18,98538
05-09-2025,49,98587
06-09-2025,28,98615
07-09-2025,22,98637
08-09-2025,14,98651
09-09-2025,16,98667
10-09-2025,16,98683
11-09-2025,20,98703
12-09-2025,17,98720
13-09-2025,8,98728
14-09-2025,10,98738
15-09-2025,22,98760
16-09-2025,13,98773
17-09-2025,18,98791
18-09-2025,10,98801
19-09-2025,17,98818
20-09-2025,15,98833